/*
Navicat MySQL Data Transfer

Source Server         : 111
Source Server Version : 50027
Source Host           : 192.168.1.206:6688
Source Database       : jxtest

Target Server Type    : MYSQL
Target Server Version : 50027
File Encoding         : 65001

Date: 2015-05-18 10:04:25
*/

SET FOREIGN_KEY_CHECKS=0;

-- ----------------------------
-- Table structure for `tb_base_jx`
-- ----------------------------
DROP TABLE IF EXISTS `tb_base_jx`;
CREATE TABLE `tb_base_jx` (
  `JX_ID` varchar(64) NOT NULL,
  `JX_NAME` varchar(100) default NULL,
  `JX_SHORT_NAME` varchar(100) default NULL,
  `JX_TEL` varchar(100) default NULL,
  `JX_PHONE` varchar(100) default NULL,
  `JX_QQ` varchar(20) default NULL,
  `JX_LOGO` varchar(100) default NULL,
  `JX_INFO` varchar(1000) default NULL,
  `JX_ADDRESS` varchar(100) default NULL,
  `CREATE_DATE` datetime default NULL,
  `EDIT_DATE` datetime default NULL,
  `JX_STAT_CODE` varchar(20) default NULL,
  `JX_STAT` varchar(100) default NULL,
  `COMMON` varchar(500) default NULL,
  PRIMARY KEY  (`JX_ID`)
) ENGINE=InnoDB DEFAULT CHARSET=utf8;

-- ----------------------------
-- Records of tb_base_jx
-- ----------------------------
INSERT INTO `tb_base_jx` VALUES ('9f4d700e-54c4-4843-8ff0-3fcff6661682', '广州程通驾校', '程通驾校', '020-34313351 ', '13729896381', '740622332', 'http://pic1.58cdn.com.cn//www/uploadfile/n_s12705200539882385192_a6651ce5d24d756d.jpg', '本驾校是广州市AAA级优秀质量培训企业，成立于1996年至今已经超过13多年的历史，培训无数合格的驾驶员，每年评为市级先进单位，得到广泛好评，程通拥有200多台教学车，包括多台全新自动档轿车，每年培训合格的驾驶员12000多人。短短十几年间本机构飞快发展，分点遍布全市各区，学车已经达到完善服务质量，拥有最优质的场地，最好的师资力量，成为现广州市十优的驾驶培训之一。 本中心是一个具有专业优秀人才，多年丰富的教学经验、一流的服务、一流素质的汽车驾驶培训中心。在我们驾校学车，我们采用全崭新的捷达桥车、自动档位桥车，庞大的师资队伍可以让你享受最满意的教学服务。掌握到多一门技术之如，还可以让你感受到学车的乐趣。 \r\n    综合训练部座落在广州天河岑村苗圃路段，规模宏大，还在该路段自建了一个占地面积为40000平方米绿化环境优美的“9选6”综合训练场。', '广州市海珠区新港东路', '2015-04-20 15:25:22', '2015-04-20 15:25:30', 'HF', '合法', '广州学车当然到程通，完善的教学驾学校 \r\n1：所有上课考试，均可接送。离岑村只有十分钟车程让学员可以更方便，轻松！领了驾驶证后可继续来学车； \r\n2：多名资深教练亲身指导，绝对保障学员的安全和教学； \r\n3：学车时间非常弹性，随你安排随意组合，合适各学员口味； \r\n4：采用捷达轿车教学，让学员拥有舒适的教学环境，车内装有空调设备，冬暖夏凉便可以使您更专心学车； \r\n5：相比其他培训中心的服务质量更胜一筹，承诺真诚服务，以礼代人，做好学习风气，让你更放心，保证考到驾驶执照，免去您的后顾之忧； \r\n6：所考取的驾驶执照全国通用，驾驶证可随时转回你的所在地； \r\n7：考试费学费一次性收取，以后绝不再交收任何费用。');

-- ----------------------------
-- Table structure for `tb_branches_jx`
-- ----------------------------
DROP TABLE IF EXISTS `tb_branches_jx`;
CREATE TABLE `tb_branches_jx` (
  `BRANCH_ID` varchar(64) NOT NULL,
  `JX_ID` varchar(64) default NULL,
  `JX_NAME` varchar(100) default NULL,
  `BRANCH_NAME` varchar(100) default NULL,
  `BRANCH_SHORT_NAME` varchar(100) default NULL,
  `BRANCH_PROVICE` varchar(100) default NULL,
  `BRANCH_CITY` varchar(100) default NULL,
  `BRANCH_AREA` varchar(100) default NULL,
  `BRANCH_ADDRESS` varchar(100) default NULL,
  `BRANCH_BUS` varchar(1000) default NULL,
  `BRANCH_STAT_CODE` varchar(20) default NULL,
  `BRANCH_STAT` varchar(100) default NULL,
  `PLACE_ADDRESS` varchar(200) default NULL,
  `CREATE_DATE` datetime default NULL,
  `EDIT_DATE` datetime default NULL,
  `STOP_START_DATE` datetime default NULL,
  `STOP_END_DATE` datetime default NULL,
  `DELETE_DATE` datetime default NULL,
  `COMMON` varchar(500) default NULL,
  PRIMARY KEY  (`BRANCH_ID`)
) ENGINE=InnoDB DEFAULT CHARSET=utf8;

-- ----------------------------
-- Records of tb_branches_jx
-- ----------------------------
INSERT INTO `tb_branches_jx` VALUES ('1e4904cb-4a40-4852-8127-5ae328b997b0', '9f4d700e-54c4-4843-8ff0-3fcff6661682', '广州程通驾校', '海珠区', '海珠区', '广东省', '广州市', '', '广州市海珠区新港东路', '欢迎搭乘程通驾校班车，班车路线接送程通驾校学员，详细路线见下表，程通驾校电话：0791-87836206，地址：进贤县泉岭乡320国道旁。', 'ZC', '正常', null, '2015-04-22 11:52:31', '2015-04-22 11:52:31', null, null, null, '');
INSERT INTO `tb_branches_jx` VALUES ('27a7e11d-7329-410b-99f3-6333f24107a1', '9f4d700e-54c4-4843-8ff0-3fcff6661682', '广州程通驾校', '市内分点', '市内分点', '广东省', '广州市', null, '广州市海珠区新港东路', '欢迎搭乘程通驾校班车，班车路线接送程通驾校学员，详细路线见下表，程通驾校电话：0791-87836206，地址：进贤县泉岭乡320国道旁。', 'ZC', '正常', null, '2015-04-20 15:38:11', '2015-04-20 15:38:14', null, null, null, null);
INSERT INTO `tb_branches_jx` VALUES ('75862e67-f7d7-4196-8766-b0036823ad9b', '9f4d700e-54c4-4843-8ff0-3fcff6661682', '广州程通驾校', '天河区', '天河区', '广东省', '广州市', '', '广州市海珠区新港东路', '欢迎搭乘程通驾校班车，班车路线接送程通驾校学员，详细路线见下表，程通驾校电话：0791-87836206，地址：进贤县泉岭乡320国道旁。', 'ZC', '正常', null, '2015-04-22 11:49:34', '2015-04-22 11:49:34', null, null, null, '');

-- ----------------------------
-- Table structure for `tb_course_st`
-- ----------------------------
DROP TABLE IF EXISTS `tb_course_st`;
CREATE TABLE `tb_course_st` (
  `ST_COURSE_ID` varchar(64) NOT NULL,
  `STUDENT_ID` varchar(64) default NULL,
  `STUDENT_NAME` varchar(100) default NULL,
  `COURSE_ID` varchar(64) default NULL,
  `COURSE_NAME` varchar(100) default NULL,
  `BOOK_TIME` datetime default NULL,
  `IMPL_COURSE_STAT_CODE` varchar(20) default NULL,
  `IMPL_COURSE_STAT` varchar(100) default NULL,
  `UNIMPL_INFO` varchar(500) default NULL,
  `IS_UNCARE_UNIMPL` int(2) default '0',
  `COURSE_STAT_CODE` varchar(20) default NULL,
  `COURSE_STAT` varchar(100) default NULL,
  `IS_CANCEL_BOOK` int(2) default '0',
  `CANCEL_INFO` varchar(200) default NULL,
  `IS_NORMAL_CANCEL` int(2) default '1',
  `CANCEL_DATE` datetime default NULL,
  `START_TIME` datetime default NULL,
  `OVER_TIME` datetime default NULL,
  `SCORE_TIME` datetime default NULL,
  `SCORE_INFO` varchar(500) default NULL,
  `LEARN_INFO` varchar(500) default NULL,
  `SERVICE_SCORE` int(4) default NULL,
  `CAR_SCORE` int(4) default NULL,
  `TEACHER_SCORE` int(4) default NULL,
  `TEACHER_REPLY_TIME` datetime default NULL,
  `TEACHER_REPLY_INFO` varchar(500) default NULL,
  `COMMON` varchar(500) default NULL,
  PRIMARY KEY  (`ST_COURSE_ID`)
) ENGINE=InnoDB DEFAULT CHARSET=utf8;

-- ----------------------------
-- Records of tb_course_st
-- ----------------------------
INSERT INTO `tb_course_st` VALUES ('69343a39-5072-4048-8df6-78c3574a0a9e', '0bd22f1f-2aee-4e74-8ee0-144ffedd3822', '陈丹', 'dd55df8d-14a4-4385-8dc8-5b76bc928b4c', '广州程通驾校-市内分点-test2教练-科目二', '2015-05-15 19:11:03', null, null, null, '0', 'DSK', '待上课', '0', null, '1', null, null, null, null, null, null, null, null, null, null, null, null);
INSERT INTO `tb_course_st` VALUES ('853ab187-b795-4b7c-9213-cfc8758d0069', '0bd22f1f-2aee-4e74-8ee0-144ffedd3822', '陈丹', '6110a89b-d5f4-4e01-9835-cadcb9ba62d4', '广州程通驾校-市内分点-test2教练-科目二', '2015-05-15 19:10:59', null, null, null, '0', 'DSK', '待上课', '0', null, '1', null, null, null, null, null, null, null, null, null, null, null, null);
INSERT INTO `tb_course_st` VALUES ('946c875b-9df3-4ed8-9143-b0504407f7eb', '0bd22f1f-2aee-4e74-8ee0-144ffedd3822', '陈丹', '733707d2-90f6-4992-bc1b-b223a3c34cb3', '广州程通驾校-市内分点-陈辉教练-科目二', '2015-05-17 18:46:38', null, null, null, '0', 'DSK', '待上课', '0', null, '1', null, null, null, null, null, null, null, null, null, null, null, null);
INSERT INTO `tb_course_st` VALUES ('a6804b9c-d95d-42e5-8617-705afead9028', '0bd22f1f-2aee-4e74-8ee0-144ffedd3822', '陈丹', 'd0d43d33-f035-44ed-9dfc-0506d92365fc', '广州程通驾校-市内分点-陈辉教练-科目二', '2015-05-17 18:46:31', null, null, null, '0', 'DSK', '待上课', '0', null, '1', null, null, null, null, null, null, null, null, null, null, null, null);

-- ----------------------------
-- Table structure for `tb_key_tm`
-- ----------------------------
DROP TABLE IF EXISTS `tb_key_tm`;
CREATE TABLE `tb_key_tm` (
  `TM_KEY_ID` varchar(64) NOT NULL,
  `TM_ID` varchar(64) default NULL,
  `KEY_CODE` varchar(20) default NULL,
  `KEY_INFO` varchar(100) default NULL,
  `KEY_REQUEST` varchar(100) default NULL,
  `DEFUALT_VALUE` varchar(100) default NULL,
  `CREATE_DATE` datetime default NULL,
  `EDIT_DATE` datetime default NULL,
  PRIMARY KEY  (`TM_KEY_ID`)
) ENGINE=InnoDB DEFAULT CHARSET=utf8;

-- ----------------------------
-- Records of tb_key_tm
-- ----------------------------

-- ----------------------------
-- Table structure for `tb_log_actinfo`
-- ----------------------------
DROP TABLE IF EXISTS `tb_log_actinfo`;
CREATE TABLE `tb_log_actinfo` (
  `ACTINFO_ID` varchar(64) NOT NULL,
  `USER_ID` varchar(64) default NULL,
  `PUBLIC_ID` varchar(64) default NULL,
  `PUBLIC_NAME` varchar(100) default NULL,
  `OPEN_ID` varchar(64) default NULL,
  `OPEN_ZH` varchar(20) default NULL,
  `OPT_TYPE_CODE` varchar(20) default NULL,
  `OPT_TYPE` varchar(100) default NULL,
  `OPT_MODUL_CODE` varchar(20) default NULL,
  `OPT_MODUL` varchar(100) default NULL,
  `OPT_URL` varchar(200) default NULL,
  `REQUEST_PARAM` varchar(500) default NULL,
  `LOG_DATE` datetime default NULL,
  `LOG_TIME` bigint(16) default NULL,
  `COMMON` varchar(500) default NULL,
  PRIMARY KEY  (`ACTINFO_ID`)
) ENGINE=InnoDB DEFAULT CHARSET=utf8 COMMENT='业务中主动记录需要记忆的数据，方便以后访问时，直接拿来用，或用户后期分析';

-- ----------------------------
-- Records of tb_log_actinfo
-- ----------------------------

-- ----------------------------
-- Table structure for `tb_public_info`
-- ----------------------------
DROP TABLE IF EXISTS `tb_public_info`;
CREATE TABLE `tb_public_info` (
  `PUBLIC_INFO_ID` varchar(64) NOT NULL,
  `TM_ID` varchar(64) default NULL,
  `INFO_DATA` varchar(1000) default NULL,
  `OPEN_ID` varchar(64) default NULL,
  `OPEN_ZH` varchar(100) default NULL,
  `INFO_URL` varchar(100) default NULL,
  `CREATE_DATE` datetime default NULL,
  `EDIT_DATE` datetime default NULL,
  `SEND_STAT_CODE` varchar(20) default NULL,
  `SEND_STAT` varchar(100) default NULL,
  `SEND_TIME` datetime default NULL,
  `SEND_NUM` int(4) default '0',
  `MAX_SEND_NUM` int(4) default '3',
  `SEND_RETURN` varchar(500) default NULL,
  `COMMOM` varchar(500) default NULL,
  PRIMARY KEY  (`PUBLIC_INFO_ID`)
) ENGINE=InnoDB DEFAULT CHARSET=utf8;

-- ----------------------------
-- Records of tb_public_info
-- ----------------------------

-- ----------------------------
-- Table structure for `tb_roaster_jx`
-- ----------------------------
DROP TABLE IF EXISTS `tb_roaster_jx`;
CREATE TABLE `tb_roaster_jx` (
  `COURSE_ID` varchar(64) NOT NULL,
  `COURSE_NAME` varchar(100) default NULL COMMENT '驾校简名+网点简名+教练姓名+科目名称',
  `COURSE_INFO` varchar(500) default NULL,
  `TEACHER_ID` varchar(64) default NULL,
  `TEACHER_NAME` varchar(100) default NULL,
  `SUBJECT_ID` varchar(64) default NULL,
  `SUBJECT_NAME` varchar(100) default NULL,
  `JX_ID` varchar(64) default NULL,
  `JX_NAME` varchar(100) default NULL,
  `BRANCH_ID` varchar(64) default NULL,
  `BRANCH_NAME` varchar(100) default NULL,
  `START_TIME` datetime default NULL,
  `END_TIME` datetime default NULL,
  `COURSE_TIMEAREA_CODE` varchar(20) default NULL,
  `COURSE_TIMEAREA` varchar(100) default NULL,
  `COURSE_HOUR` int(4) default '1',
  `SIGN_END_TIME` datetime default NULL COMMENT '暂不使用',
  `EDIT_END_TIME` datetime default NULL,
  `COURSE_IN_NUM` int(4) default '4',
  `OFFLINE_NUM` int(4) default '0',
  `CAN_SIGN_NUM` int(4) default NULL,
  `COURSE_STAT_CODE` varchar(20) default NULL,
  `COURSE_STAT` varchar(100) default NULL,
  `IS_ROAST_NOTIC` int(2) default '1',
  `IS_COURSE_NOTIC` int(2) default '1',
  `COURSE_NOTIC_B_HOUR` int(4) default '4',
  `ROAST_NOTIC_A_HOUR` int(4) default '24',
  `CREATE_DATE` datetime default NULL,
  `EDIT_DATE` datetime default NULL,
  `COMMON` varchar(500) default NULL,
  PRIMARY KEY  (`COURSE_ID`)
) ENGINE=InnoDB DEFAULT CHARSET=utf8;

-- ----------------------------
-- Records of tb_roaster_jx
-- ----------------------------
INSERT INTO `tb_roaster_jx` VALUES ('00a90f1a-d3a2-44c5-a3d5-3394b7429cb5', '广州程通驾校-海珠区-李四教练-科目二', null, '86b664d0-97ba-4e8e-9c67-910532ab9cc4', '李四', 'de9581d9-d016-470b-9126-ae297b673e57', '科目二', '9f4d700e-54c4-4843-8ff0-3fcff6661682', '广州程通驾校', '1e4904cb-4a40-4852-8127-5ae328b997b0', '海珠区', '2015-05-16 16:00:00', '2015-05-16 17:00:00', 'XW', '下午', '1', '2015-05-16 16:00:00', '2015-05-16 16:00:00', '3', '0', '3', 'BMZ', '报名中', '1', '1', '4', '24', '2015-05-15 19:10:21', '2015-05-15 19:10:21', null);
INSERT INTO `tb_roaster_jx` VALUES ('0170f82a-6415-4258-bd1f-5f60f79f0321', '广州程通驾校-市内分点-张三教练-科目二', null, '3240fc5c-8113-4997-a310-d82c66a861fe', '张三', 'de9581d9-d016-470b-9126-ae297b673e57', '科目二', '9f4d700e-54c4-4843-8ff0-3fcff6661682', '广州程通驾校', '27a7e11d-7329-410b-99f3-6333f24107a1', '市内分点', '2015-05-16 08:00:00', '2015-05-16 09:00:00', 'SW', '上午', '1', '2015-05-16 08:00:00', '2015-05-16 08:00:00', '3', '0', '3', 'BMZ', '报名中', '1', '1', '4', '24', '2015-05-15 19:10:19', '2015-05-15 19:10:19', null);
INSERT INTO `tb_roaster_jx` VALUES ('01985eef-102b-4107-833d-de3126f48df6', '广州程通驾校-市内分点-张三教练-科目二', null, '3240fc5c-8113-4997-a310-d82c66a861fe', '张三', 'de9581d9-d016-470b-9126-ae297b673e57', '科目二', '9f4d700e-54c4-4843-8ff0-3fcff6661682', '广州程通驾校', '27a7e11d-7329-410b-99f3-6333f24107a1', '市内分点', '2015-05-18 11:00:00', '2015-05-18 12:00:00', 'SW', '上午', '1', '2015-05-18 11:00:00', '2015-05-18 11:00:00', '3', '0', '3', 'BMZ', '报名中', '1', '1', '4', '24', '2015-05-15 19:10:19', '2015-05-15 19:10:19', null);
INSERT INTO `tb_roaster_jx` VALUES ('01b5e52d-b5b3-495e-8c25-a8221b26db3b', '广州程通驾校-市内分点-李步喜教练-科目二', null, '6fdea2dd-a28d-429d-934b-658b900e900e', '李步喜', 'de9581d9-d016-470b-9126-ae297b673e57', '科目二', '9f4d700e-54c4-4843-8ff0-3fcff6661682', '广州程通驾校', '27a7e11d-7329-410b-99f3-6333f24107a1', '市内分点', '2015-05-15 09:00:00', '2015-05-15 10:00:00', 'SW', '上午', '1', '2015-05-15 09:00:00', '2015-05-15 09:00:00', '3', '0', '3', 'BMZ', '报名中', '1', '1', '4', '24', '2015-05-15 19:10:21', '2015-05-15 19:10:21', null);
INSERT INTO `tb_roaster_jx` VALUES ('01ca2cb3-3d69-4a93-82c7-bb8cf50c4830', '广州程通驾校-市内分点-叶伟强教练-科目三', null, '171bde61-88db-4ed1-b5f9-8e568f6df3c4', '叶伟强', '351742ee-ebcc-40cc-b5fc-fb3a39131e14', '科目三', '9f4d700e-54c4-4843-8ff0-3fcff6661682', '广州程通驾校', '27a7e11d-7329-410b-99f3-6333f24107a1', '市内分点', '2015-05-17 08:00:00', '2015-05-17 09:00:00', 'SW', '上午', '1', '2015-05-17 08:00:00', '2015-05-17 08:00:00', '3', '0', '3', 'BMZ', '报名中', '1', '1', '4', '24', '2015-05-15 19:10:18', '2015-05-15 19:10:18', null);
INSERT INTO `tb_roaster_jx` VALUES ('03cc13da-c407-441c-a662-06049dbcb1a1', '广州程通驾校-市内分点-陈曦教练-科目二', null, '4a99e726-f6d2-48ac-9ed8-3ce35f438662', '陈曦', 'de9581d9-d016-470b-9126-ae297b673e57', '科目二', '9f4d700e-54c4-4843-8ff0-3fcff6661682', '广州程通驾校', '27a7e11d-7329-410b-99f3-6333f24107a1', '市内分点', '2015-05-18 11:00:00', '2015-05-18 12:00:00', 'SW', '上午', '1', '2015-05-18 11:00:00', '2015-05-18 11:00:00', '3', '0', '3', 'BMZ', '报名中', '1', '1', '4', '24', '2015-05-15 19:10:20', '2015-05-15 19:10:20', null);
INSERT INTO `tb_roaster_jx` VALUES ('03f84677-28b5-4b23-9f70-def8d297d13a', '广州程通驾校-市内分点-李步喜教练-科目二', null, '6fdea2dd-a28d-429d-934b-658b900e900e', '李步喜', 'de9581d9-d016-470b-9126-ae297b673e57', '科目二', '9f4d700e-54c4-4843-8ff0-3fcff6661682', '广州程通驾校', '27a7e11d-7329-410b-99f3-6333f24107a1', '市内分点', '2015-05-16 10:00:00', '2015-05-16 11:00:00', 'SW', '上午', '1', '2015-05-16 10:00:00', '2015-05-16 10:00:00', '3', '0', '3', 'BMZ', '报名中', '1', '1', '4', '24', '2015-05-15 19:10:21', '2015-05-15 19:10:21', null);
INSERT INTO `tb_roaster_jx` VALUES ('042eebf8-d200-445f-823e-92ba430d0546', '广州程通驾校-市内分点-胡金宝教练-科目三', null, '628210b6-c121-46c5-b845-fa6ec1526956', '胡金宝', '351742ee-ebcc-40cc-b5fc-fb3a39131e14', '科目三', '9f4d700e-54c4-4843-8ff0-3fcff6661682', '广州程通驾校', '27a7e11d-7329-410b-99f3-6333f24107a1', '市内分点', '2015-05-18 09:00:00', '2015-05-18 10:00:00', 'SW', '上午', '1', '2015-05-18 09:00:00', '2015-05-18 09:00:00', '3', '0', '3', 'BMZ', '报名中', '1', '1', '4', '24', '2015-05-15 19:10:20', '2015-05-15 19:10:20', null);
INSERT INTO `tb_roaster_jx` VALUES ('05638e67-c469-4033-bcf6-9d7214205315', '广州程通驾校-市内分点-胡金宝教练-科目三', null, '628210b6-c121-46c5-b845-fa6ec1526956', '胡金宝', '351742ee-ebcc-40cc-b5fc-fb3a39131e14', '科目三', '9f4d700e-54c4-4843-8ff0-3fcff6661682', '广州程通驾校', '27a7e11d-7329-410b-99f3-6333f24107a1', '市内分点', '2015-05-16 16:00:00', '2015-05-16 17:00:00', 'XW', '下午', '1', '2015-05-16 16:00:00', '2015-05-16 16:00:00', '3', '0', '3', 'BMZ', '报名中', '1', '1', '4', '24', '2015-05-15 19:10:20', '2015-05-15 19:10:20', null);
INSERT INTO `tb_roaster_jx` VALUES ('0653d36c-7014-4105-8b23-86cfd0913e0c', '广州程通驾校-市内分点-陈辉教练-科目二', null, '003e98c0-4b35-4104-98c5-025c9c258e01', '陈辉', 'de9581d9-d016-470b-9126-ae297b673e57', '科目二', '9f4d700e-54c4-4843-8ff0-3fcff6661682', '广州程通驾校', '27a7e11d-7329-410b-99f3-6333f24107a1', '市内分点', '2015-05-16 11:00:00', '2015-05-16 12:00:00', 'SW', '上午', '1', '2015-05-16 11:00:00', '2015-05-16 11:00:00', '3', '0', '3', 'BMZ', '报名中', '1', '1', '4', '24', '2015-05-15 19:10:18', '2015-05-15 19:10:18', null);
INSERT INTO `tb_roaster_jx` VALUES ('06a3d882-bbef-47ab-81c0-679c94a01910', '广州程通驾校-市内分点-test2教练-科目二', null, 'bcece4af-0e95-400f-9125-ce68f24150c2', 'test2', 'de9581d9-d016-470b-9126-ae297b673e57', '科目二', '9f4d700e-54c4-4843-8ff0-3fcff6661682', '广州程通驾校', '27a7e11d-7329-410b-99f3-6333f24107a1', '市内分点', '2015-05-15 15:00:00', '2015-05-15 16:00:00', 'XW', '下午', '1', '2015-05-15 15:00:00', '2015-05-15 15:00:00', '3', '0', '3', 'BMZ', '报名中', '1', '1', '4', '24', '2015-05-15 19:10:22', '2015-05-15 19:10:22', null);
INSERT INTO `tb_roaster_jx` VALUES ('06b4c200-e52a-41a0-88c4-8d07cd4df125', '广州程通驾校-市内分点-陈曦教练-科目二', null, '4a99e726-f6d2-48ac-9ed8-3ce35f438662', '陈曦', 'de9581d9-d016-470b-9126-ae297b673e57', '科目二', '9f4d700e-54c4-4843-8ff0-3fcff6661682', '广州程通驾校', '27a7e11d-7329-410b-99f3-6333f24107a1', '市内分点', '2015-05-16 15:00:00', '2015-05-16 16:00:00', 'XW', '下午', '1', '2015-05-16 15:00:00', '2015-05-16 15:00:00', '3', '0', '3', 'BMZ', '报名中', '1', '1', '4', '24', '2015-05-15 19:10:20', '2015-05-15 19:10:20', null);
INSERT INTO `tb_roaster_jx` VALUES ('07c5e1b5-2e66-476d-8370-10571542f01a', '广州程通驾校-海珠区-李四教练-科目二', null, '86b664d0-97ba-4e8e-9c67-910532ab9cc4', '李四', 'de9581d9-d016-470b-9126-ae297b673e57', '科目二', '9f4d700e-54c4-4843-8ff0-3fcff6661682', '广州程通驾校', '1e4904cb-4a40-4852-8127-5ae328b997b0', '海珠区', '2015-05-16 09:00:00', '2015-05-16 10:00:00', 'SW', '上午', '1', '2015-05-16 09:00:00', '2015-05-16 09:00:00', '3', '0', '3', 'BMZ', '报名中', '1', '1', '4', '24', '2015-05-15 19:10:21', '2015-05-15 19:10:21', null);
INSERT INTO `tb_roaster_jx` VALUES ('08df050d-38f7-49c5-8c1f-1bd59de56ad9', '广州程通驾校-市内分点-张三教练-科目二', null, '3240fc5c-8113-4997-a310-d82c66a861fe', '张三', 'de9581d9-d016-470b-9126-ae297b673e57', '科目二', '9f4d700e-54c4-4843-8ff0-3fcff6661682', '广州程通驾校', '27a7e11d-7329-410b-99f3-6333f24107a1', '市内分点', '2015-05-15 08:00:00', '2015-05-15 09:00:00', 'SW', '上午', '1', '2015-05-15 08:00:00', '2015-05-15 08:00:00', '3', '0', '3', 'BMZ', '报名中', '1', '1', '4', '24', '2015-05-15 19:10:19', '2015-05-15 19:10:19', null);
INSERT INTO `tb_roaster_jx` VALUES ('095ba8c8-2d1a-4e18-896f-d212a494afef', '广州程通驾校-市内分点-陈辉教练-科目二', null, '003e98c0-4b35-4104-98c5-025c9c258e01', '陈辉', 'de9581d9-d016-470b-9126-ae297b673e57', '科目二', '9f4d700e-54c4-4843-8ff0-3fcff6661682', '广州程通驾校', '27a7e11d-7329-410b-99f3-6333f24107a1', '市内分点', '2015-05-17 09:00:00', '2015-05-17 10:00:00', 'SW', '上午', '1', '2015-05-17 09:00:00', '2015-05-17 09:00:00', '3', '0', '3', 'BMZ', '报名中', '1', '1', '4', '24', '2015-05-15 19:10:18', '2015-05-15 19:10:18', null);
INSERT INTO `tb_roaster_jx` VALUES ('0a36d08d-3aac-4dbe-97dc-26af3d6329ea', '广州程通驾校-市内分点-胡金宝教练-科目三', null, '628210b6-c121-46c5-b845-fa6ec1526956', '胡金宝', '351742ee-ebcc-40cc-b5fc-fb3a39131e14', '科目三', '9f4d700e-54c4-4843-8ff0-3fcff6661682', '广州程通驾校', '27a7e11d-7329-410b-99f3-6333f24107a1', '市内分点', '2015-05-15 14:00:00', '2015-05-15 15:00:00', 'XW', '下午', '1', '2015-05-15 14:00:00', '2015-05-15 14:00:00', '3', '0', '3', 'BMZ', '报名中', '1', '1', '4', '24', '2015-05-15 19:10:20', '2015-05-15 19:10:20', null);
INSERT INTO `tb_roaster_jx` VALUES ('0a4bd5ec-7004-4740-afc6-598c444107d6', '广州程通驾校-市内分点-叶伟信教练-科目三', null, '918a9e6a-a516-4c85-be1f-7bcf9ba96518', '叶伟信', '351742ee-ebcc-40cc-b5fc-fb3a39131e14', '科目三', '9f4d700e-54c4-4843-8ff0-3fcff6661682', '广州程通驾校', '27a7e11d-7329-410b-99f3-6333f24107a1', '市内分点', '2015-05-15 08:00:00', '2015-05-15 09:00:00', 'SW', '上午', '1', '2015-05-15 08:00:00', '2015-05-15 08:00:00', '3', '0', '3', 'BMZ', '报名中', '1', '1', '4', '24', '2015-05-15 19:10:22', '2015-05-15 19:10:22', null);
INSERT INTO `tb_roaster_jx` VALUES ('0aa88546-7325-4973-a430-246c31647a96', '广州程通驾校-市内分点-陈辉教练-科目二', null, '003e98c0-4b35-4104-98c5-025c9c258e01', '陈辉', 'de9581d9-d016-470b-9126-ae297b673e57', '科目二', '9f4d700e-54c4-4843-8ff0-3fcff6661682', '广州程通驾校', '27a7e11d-7329-410b-99f3-6333f24107a1', '市内分点', '2015-05-17 15:00:00', '2015-05-17 16:00:00', 'XW', '下午', '1', '2015-05-17 15:00:00', '2015-05-17 15:00:00', '3', '0', '3', 'BMZ', '报名中', '1', '1', '4', '24', '2015-05-15 19:10:18', '2015-05-15 19:10:18', null);
INSERT INTO `tb_roaster_jx` VALUES ('0aac8b5e-9177-43af-8e90-05d3b26bca58', '广州程通驾校-市内分点-叶伟强教练-科目三', null, '171bde61-88db-4ed1-b5f9-8e568f6df3c4', '叶伟强', '351742ee-ebcc-40cc-b5fc-fb3a39131e14', '科目三', '9f4d700e-54c4-4843-8ff0-3fcff6661682', '广州程通驾校', '27a7e11d-7329-410b-99f3-6333f24107a1', '市内分点', '2015-05-18 16:00:00', '2015-05-18 17:00:00', 'XW', '下午', '1', '2015-05-18 16:00:00', '2015-05-18 16:00:00', '3', '0', '3', 'BMZ', '报名中', '1', '1', '4', '24', '2015-05-15 19:10:18', '2015-05-15 19:10:18', null);
INSERT INTO `tb_roaster_jx` VALUES ('0ab3f063-bb30-457f-ae8a-c56c9cd63fb5', '广州程通驾校-市内分点-陈辉教练-科目二', null, '003e98c0-4b35-4104-98c5-025c9c258e01', '陈辉', 'de9581d9-d016-470b-9126-ae297b673e57', '科目二', '9f4d700e-54c4-4843-8ff0-3fcff6661682', '广州程通驾校', '27a7e11d-7329-410b-99f3-6333f24107a1', '市内分点', '2015-05-17 08:00:00', '2015-05-17 09:00:00', 'SW', '上午', '1', '2015-05-17 08:00:00', '2015-05-17 08:00:00', '3', '0', '3', 'BMZ', '报名中', '1', '1', '4', '24', '2015-05-15 19:10:18', '2015-05-15 19:10:18', null);
INSERT INTO `tb_roaster_jx` VALUES ('0b7f9451-58a1-465c-b028-bd972ebe595e', '广州程通驾校-市内分点-叶伟强教练-科目三', null, '171bde61-88db-4ed1-b5f9-8e568f6df3c4', '叶伟强', '351742ee-ebcc-40cc-b5fc-fb3a39131e14', '科目三', '9f4d700e-54c4-4843-8ff0-3fcff6661682', '广州程通驾校', '27a7e11d-7329-410b-99f3-6333f24107a1', '市内分点', '2015-05-18 09:00:00', '2015-05-18 10:00:00', 'SW', '上午', '1', '2015-05-18 09:00:00', '2015-05-18 09:00:00', '3', '0', '3', 'BMZ', '报名中', '1', '1', '4', '24', '2015-05-15 19:10:18', '2015-05-15 19:10:18', null);
INSERT INTO `tb_roaster_jx` VALUES ('0c972e2e-2065-4801-a93a-fa129dfc72ce', '广州程通驾校-市内分点-叶伟信教练-科目三', null, '918a9e6a-a516-4c85-be1f-7bcf9ba96518', '叶伟信', '351742ee-ebcc-40cc-b5fc-fb3a39131e14', '科目三', '9f4d700e-54c4-4843-8ff0-3fcff6661682', '广州程通驾校', '27a7e11d-7329-410b-99f3-6333f24107a1', '市内分点', '2015-05-17 11:00:00', '2015-05-17 12:00:00', 'SW', '上午', '1', '2015-05-17 11:00:00', '2015-05-17 11:00:00', '3', '0', '3', 'BMZ', '报名中', '1', '1', '4', '24', '2015-05-15 19:10:22', '2015-05-15 19:10:22', null);
INSERT INTO `tb_roaster_jx` VALUES ('0ce43636-55b7-4cb6-8947-c083ea0ff95c', '广州程通驾校-市内分点-张三教练-科目二', null, '3240fc5c-8113-4997-a310-d82c66a861fe', '张三', 'de9581d9-d016-470b-9126-ae297b673e57', '科目二', '9f4d700e-54c4-4843-8ff0-3fcff6661682', '广州程通驾校', '27a7e11d-7329-410b-99f3-6333f24107a1', '市内分点', '2015-05-16 17:00:00', '2015-05-16 18:00:00', 'XW', '下午', '1', '2015-05-16 17:00:00', '2015-05-16 17:00:00', '3', '0', '3', 'BMZ', '报名中', '1', '1', '4', '24', '2015-05-15 19:10:19', '2015-05-15 19:10:19', null);
INSERT INTO `tb_roaster_jx` VALUES ('0d0dd984-4604-4603-baa5-78afdd2b2018', '广州程通驾校-市内分点-陈辉教练-科目二', null, '003e98c0-4b35-4104-98c5-025c9c258e01', '陈辉', 'de9581d9-d016-470b-9126-ae297b673e57', '科目二', '9f4d700e-54c4-4843-8ff0-3fcff6661682', '广州程通驾校', '27a7e11d-7329-410b-99f3-6333f24107a1', '市内分点', '2015-05-15 17:00:00', '2015-05-15 18:00:00', 'XW', '下午', '1', '2015-05-15 17:00:00', '2015-05-15 17:00:00', '3', '0', '3', 'BMZ', '报名中', '1', '1', '4', '24', '2015-05-15 19:10:18', '2015-05-15 19:10:18', null);
INSERT INTO `tb_roaster_jx` VALUES ('0d2762e2-aacf-4f16-a6ab-e716268e4158', '广州程通驾校-市内分点-叶伟信教练-科目三', null, '918a9e6a-a516-4c85-be1f-7bcf9ba96518', '叶伟信', '351742ee-ebcc-40cc-b5fc-fb3a39131e14', '科目三', '9f4d700e-54c4-4843-8ff0-3fcff6661682', '广州程通驾校', '27a7e11d-7329-410b-99f3-6333f24107a1', '市内分点', '2015-05-18 16:00:00', '2015-05-18 17:00:00', 'XW', '下午', '1', '2015-05-18 16:00:00', '2015-05-18 16:00:00', '3', '0', '3', 'BMZ', '报名中', '1', '1', '4', '24', '2015-05-15 19:10:22', '2015-05-15 19:10:22', null);
INSERT INTO `tb_roaster_jx` VALUES ('0eece8e7-3e95-478a-b8ca-9970932cbf05', '广州程通驾校-市内分点-胡金宝教练-科目三', null, '628210b6-c121-46c5-b845-fa6ec1526956', '胡金宝', '351742ee-ebcc-40cc-b5fc-fb3a39131e14', '科目三', '9f4d700e-54c4-4843-8ff0-3fcff6661682', '广州程通驾校', '27a7e11d-7329-410b-99f3-6333f24107a1', '市内分点', '2015-05-16 15:00:00', '2015-05-16 16:00:00', 'XW', '下午', '1', '2015-05-16 15:00:00', '2015-05-16 15:00:00', '3', '0', '3', 'BMZ', '报名中', '1', '1', '4', '24', '2015-05-15 19:10:20', '2015-05-15 19:10:20', null);
INSERT INTO `tb_roaster_jx` VALUES ('0fb85ef2-8bd5-4525-a61d-bb28c727981e', '广州程通驾校-市内分点-叶伟信教练-科目三', null, '918a9e6a-a516-4c85-be1f-7bcf9ba96518', '叶伟信', '351742ee-ebcc-40cc-b5fc-fb3a39131e14', '科目三', '9f4d700e-54c4-4843-8ff0-3fcff6661682', '广州程通驾校', '27a7e11d-7329-410b-99f3-6333f24107a1', '市内分点', '2015-05-17 09:00:00', '2015-05-17 10:00:00', 'SW', '上午', '1', '2015-05-17 09:00:00', '2015-05-17 09:00:00', '3', '0', '3', 'BMZ', '报名中', '1', '1', '4', '24', '2015-05-15 19:10:22', '2015-05-15 19:10:22', null);
INSERT INTO `tb_roaster_jx` VALUES ('0fdf9b3c-4625-4653-8980-d2021d5af34d', '广州程通驾校-市内分点-test2教练-科目二', null, 'bcece4af-0e95-400f-9125-ce68f24150c2', 'test2', 'de9581d9-d016-470b-9126-ae297b673e57', '科目二', '9f4d700e-54c4-4843-8ff0-3fcff6661682', '广州程通驾校', '27a7e11d-7329-410b-99f3-6333f24107a1', '市内分点', '2015-05-16 10:00:00', '2015-05-16 11:00:00', 'SW', '上午', '1', '2015-05-16 10:00:00', '2015-05-16 10:00:00', '3', '0', '3', 'BMZ', '报名中', '1', '1', '4', '24', '2015-05-15 19:10:22', '2015-05-15 19:10:22', null);
INSERT INTO `tb_roaster_jx` VALUES ('107e757f-5a2d-47f7-bc4b-d30db111afc5', '广州程通驾校-海珠区-李四教练-科目二', null, '86b664d0-97ba-4e8e-9c67-910532ab9cc4', '李四', 'de9581d9-d016-470b-9126-ae297b673e57', '科目二', '9f4d700e-54c4-4843-8ff0-3fcff6661682', '广州程通驾校', '1e4904cb-4a40-4852-8127-5ae328b997b0', '海珠区', '2015-05-17 09:00:00', '2015-05-17 10:00:00', 'SW', '上午', '1', '2015-05-17 09:00:00', '2015-05-17 09:00:00', '3', '0', '3', 'BMZ', '报名中', '1', '1', '4', '24', '2015-05-15 19:10:21', '2015-05-15 19:10:21', null);
INSERT INTO `tb_roaster_jx` VALUES ('10fbac56-c413-4d01-9a69-c23836bb79d2', '广州程通驾校-市内分点-叶伟信教练-科目三', null, '918a9e6a-a516-4c85-be1f-7bcf9ba96518', '叶伟信', '351742ee-ebcc-40cc-b5fc-fb3a39131e14', '科目三', '9f4d700e-54c4-4843-8ff0-3fcff6661682', '广州程通驾校', '27a7e11d-7329-410b-99f3-6333f24107a1', '市内分点', '2015-05-16 16:00:00', '2015-05-16 17:00:00', 'XW', '下午', '1', '2015-05-16 16:00:00', '2015-05-16 16:00:00', '3', '0', '3', 'BMZ', '报名中', '1', '1', '4', '24', '2015-05-15 19:10:22', '2015-05-15 19:10:22', null);
INSERT INTO `tb_roaster_jx` VALUES ('12a6320b-f66d-4a32-b86f-a2d687751825', '广州程通驾校-市内分点-张三教练-科目二', null, '3240fc5c-8113-4997-a310-d82c66a861fe', '张三', 'de9581d9-d016-470b-9126-ae297b673e57', '科目二', '9f4d700e-54c4-4843-8ff0-3fcff6661682', '广州程通驾校', '27a7e11d-7329-410b-99f3-6333f24107a1', '市内分点', '2015-05-18 08:00:00', '2015-05-18 09:00:00', 'SW', '上午', '1', '2015-05-18 08:00:00', '2015-05-18 08:00:00', '3', '0', '3', 'BMZ', '报名中', '1', '1', '4', '24', '2015-05-15 19:10:19', '2015-05-15 19:10:19', null);
INSERT INTO `tb_roaster_jx` VALUES ('141b1376-fb69-477c-a001-b51eccbdc844', '广州程通驾校-市内分点-叶伟强教练-科目三', null, '171bde61-88db-4ed1-b5f9-8e568f6df3c4', '叶伟强', '351742ee-ebcc-40cc-b5fc-fb3a39131e14', '科目三', '9f4d700e-54c4-4843-8ff0-3fcff6661682', '广州程通驾校', '27a7e11d-7329-410b-99f3-6333f24107a1', '市内分点', '2015-05-16 09:00:00', '2015-05-16 10:00:00', 'SW', '上午', '1', '2015-05-16 09:00:00', '2015-05-16 09:00:00', '3', '0', '3', 'BMZ', '报名中', '1', '1', '4', '24', '2015-05-15 19:10:18', '2015-05-15 19:10:18', null);
INSERT INTO `tb_roaster_jx` VALUES ('147ef24a-94a6-4064-a89f-c4ae17dffc17', '广州程通驾校-市内分点-李步喜教练-科目二', null, '6fdea2dd-a28d-429d-934b-658b900e900e', '李步喜', 'de9581d9-d016-470b-9126-ae297b673e57', '科目二', '9f4d700e-54c4-4843-8ff0-3fcff6661682', '广州程通驾校', '27a7e11d-7329-410b-99f3-6333f24107a1', '市内分点', '2015-05-18 11:00:00', '2015-05-18 12:00:00', 'SW', '上午', '1', '2015-05-18 11:00:00', '2015-05-18 11:00:00', '3', '0', '3', 'BMZ', '报名中', '1', '1', '4', '24', '2015-05-15 19:10:21', '2015-05-15 19:10:21', null);
INSERT INTO `tb_roaster_jx` VALUES ('1484ac5d-7d6e-4869-bef9-0ae4a00478f3', '广州程通驾校-市内分点-张三教练-科目二', null, '3240fc5c-8113-4997-a310-d82c66a861fe', '张三', 'de9581d9-d016-470b-9126-ae297b673e57', '科目二', '9f4d700e-54c4-4843-8ff0-3fcff6661682', '广州程通驾校', '27a7e11d-7329-410b-99f3-6333f24107a1', '市内分点', '2015-05-16 15:00:00', '2015-05-16 16:00:00', 'XW', '下午', '1', '2015-05-16 15:00:00', '2015-05-16 15:00:00', '3', '0', '3', 'BMZ', '报名中', '1', '1', '4', '24', '2015-05-15 19:10:19', '2015-05-15 19:10:19', null);
INSERT INTO `tb_roaster_jx` VALUES ('1799aa95-8172-4344-8f16-facff8e2db02', '广州程通驾校-市内分点-刘卫群教练-科目三', null, 'dadfa69a-daf6-4db7-be4b-c615de7f87cd', '刘卫群', '351742ee-ebcc-40cc-b5fc-fb3a39131e14', '科目三', '9f4d700e-54c4-4843-8ff0-3fcff6661682', '广州程通驾校', '27a7e11d-7329-410b-99f3-6333f24107a1', '市内分点', '2015-05-18 14:00:00', '2015-05-18 15:00:00', 'XW', '下午', '1', '2015-05-18 14:00:00', '2015-05-18 14:00:00', '3', '0', '3', 'BMZ', '报名中', '1', '1', '4', '24', '2015-05-15 19:10:23', '2015-05-15 19:10:23', null);
INSERT INTO `tb_roaster_jx` VALUES ('180d2162-9357-4b24-a4b7-c1c600f3eeb3', '广州程通驾校-市内分点-胡金宝教练-科目三', null, '628210b6-c121-46c5-b845-fa6ec1526956', '胡金宝', '351742ee-ebcc-40cc-b5fc-fb3a39131e14', '科目三', '9f4d700e-54c4-4843-8ff0-3fcff6661682', '广州程通驾校', '27a7e11d-7329-410b-99f3-6333f24107a1', '市内分点', '2015-05-15 16:00:00', '2015-05-15 17:00:00', 'XW', '下午', '1', '2015-05-15 16:00:00', '2015-05-15 16:00:00', '3', '0', '3', 'BMZ', '报名中', '1', '1', '4', '24', '2015-05-15 19:10:20', '2015-05-15 19:10:20', null);
INSERT INTO `tb_roaster_jx` VALUES ('180e9012-5bde-4cc5-a1b8-64b19508c80c', '广州程通驾校-市内分点-叶伟信教练-科目三', null, '918a9e6a-a516-4c85-be1f-7bcf9ba96518', '叶伟信', '351742ee-ebcc-40cc-b5fc-fb3a39131e14', '科目三', '9f4d700e-54c4-4843-8ff0-3fcff6661682', '广州程通驾校', '27a7e11d-7329-410b-99f3-6333f24107a1', '市内分点', '2015-05-18 09:00:00', '2015-05-18 10:00:00', 'SW', '上午', '1', '2015-05-18 09:00:00', '2015-05-18 09:00:00', '3', '0', '3', 'BMZ', '报名中', '1', '1', '4', '24', '2015-05-15 19:10:22', '2015-05-15 19:10:22', null);
INSERT INTO `tb_roaster_jx` VALUES ('1856fc27-b37b-49d4-9f0a-2528e019982b', '广州程通驾校-市内分点-叶伟信教练-科目三', null, '918a9e6a-a516-4c85-be1f-7bcf9ba96518', '叶伟信', '351742ee-ebcc-40cc-b5fc-fb3a39131e14', '科目三', '9f4d700e-54c4-4843-8ff0-3fcff6661682', '广州程通驾校', '27a7e11d-7329-410b-99f3-6333f24107a1', '市内分点', '2015-05-17 15:00:00', '2015-05-17 16:00:00', 'XW', '下午', '1', '2015-05-17 15:00:00', '2015-05-17 15:00:00', '3', '0', '3', 'BMZ', '报名中', '1', '1', '4', '24', '2015-05-15 19:10:22', '2015-05-15 19:10:22', null);
INSERT INTO `tb_roaster_jx` VALUES ('1866adc4-1286-4ce1-90d8-7e63851d8943', '广州程通驾校-市内分点-陈曦教练-科目二', null, '4a99e726-f6d2-48ac-9ed8-3ce35f438662', '陈曦', 'de9581d9-d016-470b-9126-ae297b673e57', '科目二', '9f4d700e-54c4-4843-8ff0-3fcff6661682', '广州程通驾校', '27a7e11d-7329-410b-99f3-6333f24107a1', '市内分点', '2015-05-18 09:00:00', '2015-05-18 10:00:00', 'SW', '上午', '1', '2015-05-18 09:00:00', '2015-05-18 09:00:00', '3', '0', '3', 'BMZ', '报名中', '1', '1', '4', '24', '2015-05-15 19:10:20', '2015-05-15 19:10:20', null);
INSERT INTO `tb_roaster_jx` VALUES ('19119857-2fb2-40df-b959-0c56a25a50a4', '广州程通驾校-市内分点-张三教练-科目二', null, '3240fc5c-8113-4997-a310-d82c66a861fe', '张三', 'de9581d9-d016-470b-9126-ae297b673e57', '科目二', '9f4d700e-54c4-4843-8ff0-3fcff6661682', '广州程通驾校', '27a7e11d-7329-410b-99f3-6333f24107a1', '市内分点', '2015-05-18 09:00:00', '2015-05-18 10:00:00', 'SW', '上午', '1', '2015-05-18 09:00:00', '2015-05-18 09:00:00', '3', '0', '3', 'BMZ', '报名中', '1', '1', '4', '24', '2015-05-15 19:10:19', '2015-05-15 19:10:19', null);
INSERT INTO `tb_roaster_jx` VALUES ('1ba26b47-9f06-496c-9c7e-e8ca2c1ee2f2', '广州程通驾校-海珠区-李四教练-科目二', null, '86b664d0-97ba-4e8e-9c67-910532ab9cc4', '李四', 'de9581d9-d016-470b-9126-ae297b673e57', '科目二', '9f4d700e-54c4-4843-8ff0-3fcff6661682', '广州程通驾校', '1e4904cb-4a40-4852-8127-5ae328b997b0', '海珠区', '2015-05-16 10:00:00', '2015-05-16 11:00:00', 'SW', '上午', '1', '2015-05-16 10:00:00', '2015-05-16 10:00:00', '3', '0', '3', 'BMZ', '报名中', '1', '1', '4', '24', '2015-05-15 19:10:21', '2015-05-15 19:10:21', null);
INSERT INTO `tb_roaster_jx` VALUES ('1bc6d776-ec31-4cec-af5e-10c284accf82', '广州程通驾校-市内分点-张三教练-科目二', null, '3240fc5c-8113-4997-a310-d82c66a861fe', '张三', 'de9581d9-d016-470b-9126-ae297b673e57', '科目二', '9f4d700e-54c4-4843-8ff0-3fcff6661682', '广州程通驾校', '27a7e11d-7329-410b-99f3-6333f24107a1', '市内分点', '2015-05-17 08:00:00', '2015-05-17 09:00:00', 'SW', '上午', '1', '2015-05-17 08:00:00', '2015-05-17 08:00:00', '3', '0', '3', 'BMZ', '报名中', '1', '1', '4', '24', '2015-05-15 19:10:19', '2015-05-15 19:10:19', null);
INSERT INTO `tb_roaster_jx` VALUES ('1c096709-ec81-4249-98a5-f614ae7272a5', '广州程通驾校-市内分点-陈辉教练-科目二', null, '003e98c0-4b35-4104-98c5-025c9c258e01', '陈辉', 'de9581d9-d016-470b-9126-ae297b673e57', '科目二', '9f4d700e-54c4-4843-8ff0-3fcff6661682', '广州程通驾校', '27a7e11d-7329-410b-99f3-6333f24107a1', '市内分点', '2015-05-18 17:00:00', '2015-05-18 18:00:00', 'XW', '下午', '1', '2015-05-18 17:00:00', '2015-05-18 17:00:00', '3', '0', '3', 'BMZ', '报名中', '1', '1', '4', '24', '2015-05-15 19:10:18', '2015-05-15 19:10:18', null);
INSERT INTO `tb_roaster_jx` VALUES ('1c374163-fb19-493f-add3-50ec2a4845fd', '广州程通驾校-市内分点-李步喜教练-科目二', null, '6fdea2dd-a28d-429d-934b-658b900e900e', '李步喜', 'de9581d9-d016-470b-9126-ae297b673e57', '科目二', '9f4d700e-54c4-4843-8ff0-3fcff6661682', '广州程通驾校', '27a7e11d-7329-410b-99f3-6333f24107a1', '市内分点', '2015-05-15 11:00:00', '2015-05-15 12:00:00', 'SW', '上午', '1', '2015-05-15 11:00:00', '2015-05-15 11:00:00', '3', '0', '3', 'BMZ', '报名中', '1', '1', '4', '24', '2015-05-15 19:10:21', '2015-05-15 19:10:21', null);
INSERT INTO `tb_roaster_jx` VALUES ('1d042db4-18dd-45e5-84c3-52cd97cf72c2', '广州程通驾校-市内分点-李步喜教练-科目二', null, '6fdea2dd-a28d-429d-934b-658b900e900e', '李步喜', 'de9581d9-d016-470b-9126-ae297b673e57', '科目二', '9f4d700e-54c4-4843-8ff0-3fcff6661682', '广州程通驾校', '27a7e11d-7329-410b-99f3-6333f24107a1', '市内分点', '2015-05-17 10:00:00', '2015-05-17 11:00:00', 'SW', '上午', '1', '2015-05-17 10:00:00', '2015-05-17 10:00:00', '3', '0', '3', 'BMZ', '报名中', '1', '1', '4', '24', '2015-05-15 19:10:21', '2015-05-15 19:10:21', null);
INSERT INTO `tb_roaster_jx` VALUES ('1ef940f8-a5db-42a2-ba69-39d5692971b9', '广州程通驾校-市内分点-张三教练-科目二', null, '3240fc5c-8113-4997-a310-d82c66a861fe', '张三', 'de9581d9-d016-470b-9126-ae297b673e57', '科目二', '9f4d700e-54c4-4843-8ff0-3fcff6661682', '广州程通驾校', '27a7e11d-7329-410b-99f3-6333f24107a1', '市内分点', '2015-05-15 11:00:00', '2015-05-15 12:00:00', 'SW', '上午', '1', '2015-05-15 11:00:00', '2015-05-15 11:00:00', '3', '0', '3', 'BMZ', '报名中', '1', '1', '4', '24', '2015-05-15 19:10:19', '2015-05-15 19:10:19', null);
INSERT INTO `tb_roaster_jx` VALUES ('1f4688ae-42bd-473c-9380-755f734ba999', '广州程通驾校-市内分点-叶伟信教练-科目三', null, '918a9e6a-a516-4c85-be1f-7bcf9ba96518', '叶伟信', '351742ee-ebcc-40cc-b5fc-fb3a39131e14', '科目三', '9f4d700e-54c4-4843-8ff0-3fcff6661682', '广州程通驾校', '27a7e11d-7329-410b-99f3-6333f24107a1', '市内分点', '2015-05-16 08:00:00', '2015-05-16 09:00:00', 'SW', '上午', '1', '2015-05-16 08:00:00', '2015-05-16 08:00:00', '3', '0', '3', 'BMZ', '报名中', '1', '1', '4', '24', '2015-05-15 19:10:22', '2015-05-15 19:10:22', null);
INSERT INTO `tb_roaster_jx` VALUES ('1fb727f4-7327-4b42-89f6-14b47ca51590', '广州程通驾校-市内分点-陈曦教练-科目二', null, '4a99e726-f6d2-48ac-9ed8-3ce35f438662', '陈曦', 'de9581d9-d016-470b-9126-ae297b673e57', '科目二', '9f4d700e-54c4-4843-8ff0-3fcff6661682', '广州程通驾校', '27a7e11d-7329-410b-99f3-6333f24107a1', '市内分点', '2015-05-15 16:00:00', '2015-05-15 17:00:00', 'XW', '下午', '1', '2015-05-15 16:00:00', '2015-05-15 16:00:00', '3', '0', '3', 'BMZ', '报名中', '1', '1', '4', '24', '2015-05-15 19:10:20', '2015-05-15 19:10:20', null);
INSERT INTO `tb_roaster_jx` VALUES ('204c3423-2cde-4f03-ac86-7348354d49e9', '广州程通驾校-市内分点-陈辉教练-科目二', null, '003e98c0-4b35-4104-98c5-025c9c258e01', '陈辉', 'de9581d9-d016-470b-9126-ae297b673e57', '科目二', '9f4d700e-54c4-4843-8ff0-3fcff6661682', '广州程通驾校', '27a7e11d-7329-410b-99f3-6333f24107a1', '市内分点', '2015-05-17 16:00:00', '2015-05-17 17:00:00', 'XW', '下午', '1', '2015-05-17 16:00:00', '2015-05-17 16:00:00', '3', '0', '3', 'BMZ', '报名中', '1', '1', '4', '24', '2015-05-15 19:10:18', '2015-05-15 19:10:18', null);
INSERT INTO `tb_roaster_jx` VALUES ('21978585-fcae-4854-b2cf-59b65cbbf671', '广州程通驾校-市内分点-陈辉教练-科目二', null, '003e98c0-4b35-4104-98c5-025c9c258e01', '陈辉', 'de9581d9-d016-470b-9126-ae297b673e57', '科目二', '9f4d700e-54c4-4843-8ff0-3fcff6661682', '广州程通驾校', '27a7e11d-7329-410b-99f3-6333f24107a1', '市内分点', '2015-05-15 15:00:00', '2015-05-15 16:00:00', 'XW', '下午', '1', '2015-05-15 15:00:00', '2015-05-15 15:00:00', '3', '0', '3', 'BMZ', '报名中', '1', '1', '4', '24', '2015-05-15 19:10:18', '2015-05-15 19:10:18', null);
INSERT INTO `tb_roaster_jx` VALUES ('23aec916-de1c-43cd-9870-7a5139370ed1', '广州程通驾校-市内分点-test2教练-科目二', null, 'bcece4af-0e95-400f-9125-ce68f24150c2', 'test2', 'de9581d9-d016-470b-9126-ae297b673e57', '科目二', '9f4d700e-54c4-4843-8ff0-3fcff6661682', '广州程通驾校', '27a7e11d-7329-410b-99f3-6333f24107a1', '市内分点', '2015-05-18 09:00:00', '2015-05-18 10:00:00', 'SW', '上午', '1', '2015-05-18 09:00:00', '2015-05-18 09:00:00', '3', '0', '3', 'BMZ', '报名中', '1', '1', '4', '24', '2015-05-15 19:10:22', '2015-05-15 19:10:22', null);
INSERT INTO `tb_roaster_jx` VALUES ('247ca73e-5056-43ec-8113-23aa11e4e2f6', '广州程通驾校-市内分点-叶伟强教练-科目三', null, '171bde61-88db-4ed1-b5f9-8e568f6df3c4', '叶伟强', '351742ee-ebcc-40cc-b5fc-fb3a39131e14', '科目三', '9f4d700e-54c4-4843-8ff0-3fcff6661682', '广州程通驾校', '27a7e11d-7329-410b-99f3-6333f24107a1', '市内分点', '2015-05-16 10:00:00', '2015-05-16 11:00:00', 'SW', '上午', '1', '2015-05-16 10:00:00', '2015-05-16 10:00:00', '3', '0', '3', 'BMZ', '报名中', '1', '1', '4', '24', '2015-05-15 19:10:18', '2015-05-15 19:10:18', null);
INSERT INTO `tb_roaster_jx` VALUES ('2520107f-71f9-4775-ad8b-b1f1588d9e2f', '广州程通驾校-海珠区-李四教练-科目二', null, '86b664d0-97ba-4e8e-9c67-910532ab9cc4', '李四', 'de9581d9-d016-470b-9126-ae297b673e57', '科目二', '9f4d700e-54c4-4843-8ff0-3fcff6661682', '广州程通驾校', '1e4904cb-4a40-4852-8127-5ae328b997b0', '海珠区', '2015-05-16 14:00:00', '2015-05-16 15:00:00', 'XW', '下午', '1', '2015-05-16 14:00:00', '2015-05-16 14:00:00', '3', '0', '3', 'BMZ', '报名中', '1', '1', '4', '24', '2015-05-15 19:10:21', '2015-05-15 19:10:21', null);
INSERT INTO `tb_roaster_jx` VALUES ('262d87bd-b123-4909-854c-d4cf5f03a3a5', '广州程通驾校-市内分点-陈辉教练-科目二', null, '003e98c0-4b35-4104-98c5-025c9c258e01', '陈辉', 'de9581d9-d016-470b-9126-ae297b673e57', '科目二', '9f4d700e-54c4-4843-8ff0-3fcff6661682', '广州程通驾校', '27a7e11d-7329-410b-99f3-6333f24107a1', '市内分点', '2015-05-18 16:00:00', '2015-05-18 17:00:00', 'XW', '下午', '1', '2015-05-18 16:00:00', '2015-05-18 16:00:00', '3', '0', '3', 'BMZ', '报名中', '1', '1', '4', '24', '2015-05-15 19:10:18', '2015-05-15 19:10:18', null);
INSERT INTO `tb_roaster_jx` VALUES ('273a27f5-b6c1-4963-a116-be0ac6f9d415', '广州程通驾校-市内分点-test2教练-科目二', null, 'bcece4af-0e95-400f-9125-ce68f24150c2', 'test2', 'de9581d9-d016-470b-9126-ae297b673e57', '科目二', '9f4d700e-54c4-4843-8ff0-3fcff6661682', '广州程通驾校', '27a7e11d-7329-410b-99f3-6333f24107a1', '市内分点', '2015-05-15 17:00:00', '2015-05-15 18:00:00', 'XW', '下午', '1', '2015-05-15 17:00:00', '2015-05-15 17:00:00', '3', '0', '3', 'BMZ', '报名中', '1', '1', '4', '24', '2015-05-15 19:10:22', '2015-05-15 19:10:22', null);
INSERT INTO `tb_roaster_jx` VALUES ('27436ed7-2c3e-457d-8148-06f609d8953a', '广州程通驾校-市内分点-test2教练-科目二', null, 'bcece4af-0e95-400f-9125-ce68f24150c2', 'test2', 'de9581d9-d016-470b-9126-ae297b673e57', '科目二', '9f4d700e-54c4-4843-8ff0-3fcff6661682', '广州程通驾校', '27a7e11d-7329-410b-99f3-6333f24107a1', '市内分点', '2015-05-16 16:00:00', '2015-05-16 17:00:00', 'XW', '下午', '1', '2015-05-16 16:00:00', '2015-05-16 16:00:00', '3', '0', '3', 'BMZ', '报名中', '1', '1', '4', '24', '2015-05-15 19:10:22', '2015-05-15 19:10:22', null);
INSERT INTO `tb_roaster_jx` VALUES ('28de8dc1-407b-4291-b638-81bb90b8021b', '广州程通驾校-市内分点-李步喜教练-科目二', null, '6fdea2dd-a28d-429d-934b-658b900e900e', '李步喜', 'de9581d9-d016-470b-9126-ae297b673e57', '科目二', '9f4d700e-54c4-4843-8ff0-3fcff6661682', '广州程通驾校', '27a7e11d-7329-410b-99f3-6333f24107a1', '市内分点', '2015-05-17 08:00:00', '2015-05-17 09:00:00', 'SW', '上午', '1', '2015-05-17 08:00:00', '2015-05-17 08:00:00', '3', '0', '3', 'BMZ', '报名中', '1', '1', '4', '24', '2015-05-15 19:10:21', '2015-05-15 19:10:21', null);
INSERT INTO `tb_roaster_jx` VALUES ('28e76340-799c-4216-96d6-f48a076ae1fa', '广州程通驾校-市内分点-刘卫群教练-科目三', null, 'dadfa69a-daf6-4db7-be4b-c615de7f87cd', '刘卫群', '351742ee-ebcc-40cc-b5fc-fb3a39131e14', '科目三', '9f4d700e-54c4-4843-8ff0-3fcff6661682', '广州程通驾校', '27a7e11d-7329-410b-99f3-6333f24107a1', '市内分点', '2015-05-17 15:00:00', '2015-05-17 16:00:00', 'XW', '下午', '1', '2015-05-17 15:00:00', '2015-05-17 15:00:00', '3', '0', '3', 'BMZ', '报名中', '1', '1', '4', '24', '2015-05-15 19:10:23', '2015-05-15 19:10:23', null);
INSERT INTO `tb_roaster_jx` VALUES ('29b11829-b9ac-4831-b181-bc08f96c366d', '广州程通驾校-市内分点-叶伟强教练-科目三', null, '171bde61-88db-4ed1-b5f9-8e568f6df3c4', '叶伟强', '351742ee-ebcc-40cc-b5fc-fb3a39131e14', '科目三', '9f4d700e-54c4-4843-8ff0-3fcff6661682', '广州程通驾校', '27a7e11d-7329-410b-99f3-6333f24107a1', '市内分点', '2015-05-18 08:00:00', '2015-05-18 09:00:00', 'SW', '上午', '1', '2015-05-18 08:00:00', '2015-05-18 08:00:00', '3', '0', '3', 'BMZ', '报名中', '1', '1', '4', '24', '2015-05-15 19:10:18', '2015-05-15 19:10:18', null);
INSERT INTO `tb_roaster_jx` VALUES ('2a5c30e2-2d6b-47e0-bb00-70a626dec092', '广州程通驾校-市内分点-张三教练-科目二', null, '3240fc5c-8113-4997-a310-d82c66a861fe', '张三', 'de9581d9-d016-470b-9126-ae297b673e57', '科目二', '9f4d700e-54c4-4843-8ff0-3fcff6661682', '广州程通驾校', '27a7e11d-7329-410b-99f3-6333f24107a1', '市内分点', '2015-05-17 09:00:00', '2015-05-17 10:00:00', 'SW', '上午', '1', '2015-05-17 09:00:00', '2015-05-17 09:00:00', '3', '0', '3', 'BMZ', '报名中', '1', '1', '4', '24', '2015-05-15 19:10:19', '2015-05-15 19:10:19', null);
INSERT INTO `tb_roaster_jx` VALUES ('2ddc865b-10c2-4c0d-b101-af419f114c66', '广州程通驾校-市内分点-刘卫群教练-科目三', null, 'dadfa69a-daf6-4db7-be4b-c615de7f87cd', '刘卫群', '351742ee-ebcc-40cc-b5fc-fb3a39131e14', '科目三', '9f4d700e-54c4-4843-8ff0-3fcff6661682', '广州程通驾校', '27a7e11d-7329-410b-99f3-6333f24107a1', '市内分点', '2015-05-17 08:00:00', '2015-05-17 09:00:00', 'SW', '上午', '1', '2015-05-17 08:00:00', '2015-05-17 08:00:00', '3', '0', '3', 'BMZ', '报名中', '1', '1', '4', '24', '2015-05-15 19:10:23', '2015-05-15 19:10:23', null);
INSERT INTO `tb_roaster_jx` VALUES ('2e55086e-632a-42a5-b069-053da644c6d6', '广州程通驾校-市内分点-李步喜教练-科目二', null, '6fdea2dd-a28d-429d-934b-658b900e900e', '李步喜', 'de9581d9-d016-470b-9126-ae297b673e57', '科目二', '9f4d700e-54c4-4843-8ff0-3fcff6661682', '广州程通驾校', '27a7e11d-7329-410b-99f3-6333f24107a1', '市内分点', '2015-05-17 15:00:00', '2015-05-17 16:00:00', 'XW', '下午', '1', '2015-05-17 15:00:00', '2015-05-17 15:00:00', '3', '0', '3', 'BMZ', '报名中', '1', '1', '4', '24', '2015-05-15 19:10:21', '2015-05-15 19:10:21', null);
INSERT INTO `tb_roaster_jx` VALUES ('2edf08bc-9cc7-4c4f-ab33-298f4ce8d6b9', '广州程通驾校-市内分点-胡金宝教练-科目三', null, '628210b6-c121-46c5-b845-fa6ec1526956', '胡金宝', '351742ee-ebcc-40cc-b5fc-fb3a39131e14', '科目三', '9f4d700e-54c4-4843-8ff0-3fcff6661682', '广州程通驾校', '27a7e11d-7329-410b-99f3-6333f24107a1', '市内分点', '2015-05-17 08:00:00', '2015-05-17 09:00:00', 'SW', '上午', '1', '2015-05-17 08:00:00', '2015-05-17 08:00:00', '3', '0', '3', 'BMZ', '报名中', '1', '1', '4', '24', '2015-05-15 19:10:20', '2015-05-15 19:10:20', null);
INSERT INTO `tb_roaster_jx` VALUES ('30588a08-1517-4dc2-9d96-204b2433e8ad', '广州程通驾校-市内分点-张三教练-科目二', null, '3240fc5c-8113-4997-a310-d82c66a861fe', '张三', 'de9581d9-d016-470b-9126-ae297b673e57', '科目二', '9f4d700e-54c4-4843-8ff0-3fcff6661682', '广州程通驾校', '27a7e11d-7329-410b-99f3-6333f24107a1', '市内分点', '2015-05-17 11:00:00', '2015-05-17 12:00:00', 'SW', '上午', '1', '2015-05-17 11:00:00', '2015-05-17 11:00:00', '3', '0', '3', 'BMZ', '报名中', '1', '1', '4', '24', '2015-05-15 19:10:19', '2015-05-15 19:10:19', null);
INSERT INTO `tb_roaster_jx` VALUES ('31c303ec-3eba-4a6e-93ee-1bc707d3669c', '广州程通驾校-市内分点-张三教练-科目二', null, '3240fc5c-8113-4997-a310-d82c66a861fe', '张三', 'de9581d9-d016-470b-9126-ae297b673e57', '科目二', '9f4d700e-54c4-4843-8ff0-3fcff6661682', '广州程通驾校', '27a7e11d-7329-410b-99f3-6333f24107a1', '市内分点', '2015-05-18 14:00:00', '2015-05-18 15:00:00', 'XW', '下午', '1', '2015-05-18 14:00:00', '2015-05-18 14:00:00', '3', '0', '3', 'BMZ', '报名中', '1', '1', '4', '24', '2015-05-15 19:10:19', '2015-05-15 19:10:19', null);
INSERT INTO `tb_roaster_jx` VALUES ('328e63df-bbec-4536-8a19-d71ff8cdae25', '广州程通驾校-市内分点-叶伟强教练-科目三', null, '171bde61-88db-4ed1-b5f9-8e568f6df3c4', '叶伟强', '351742ee-ebcc-40cc-b5fc-fb3a39131e14', '科目三', '9f4d700e-54c4-4843-8ff0-3fcff6661682', '广州程通驾校', '27a7e11d-7329-410b-99f3-6333f24107a1', '市内分点', '2015-05-18 11:00:00', '2015-05-18 12:00:00', 'SW', '上午', '1', '2015-05-18 11:00:00', '2015-05-18 11:00:00', '3', '0', '3', 'BMZ', '报名中', '1', '1', '4', '24', '2015-05-15 19:10:18', '2015-05-15 19:10:18', null);
INSERT INTO `tb_roaster_jx` VALUES ('32d59f58-bd4f-477e-b92b-a544e3c4df80', '广州程通驾校-市内分点-陈曦教练-科目二', null, '4a99e726-f6d2-48ac-9ed8-3ce35f438662', '陈曦', 'de9581d9-d016-470b-9126-ae297b673e57', '科目二', '9f4d700e-54c4-4843-8ff0-3fcff6661682', '广州程通驾校', '27a7e11d-7329-410b-99f3-6333f24107a1', '市内分点', '2015-05-17 11:00:00', '2015-05-17 12:00:00', 'SW', '上午', '1', '2015-05-17 11:00:00', '2015-05-17 11:00:00', '3', '0', '3', 'BMZ', '报名中', '1', '1', '4', '24', '2015-05-15 19:10:20', '2015-05-15 19:10:20', null);
INSERT INTO `tb_roaster_jx` VALUES ('347da18a-bdb3-4332-8188-49fccb7e61f0', '广州程通驾校-市内分点-张三教练-科目二', null, '3240fc5c-8113-4997-a310-d82c66a861fe', '张三', 'de9581d9-d016-470b-9126-ae297b673e57', '科目二', '9f4d700e-54c4-4843-8ff0-3fcff6661682', '广州程通驾校', '27a7e11d-7329-410b-99f3-6333f24107a1', '市内分点', '2015-05-15 17:00:00', '2015-05-15 18:00:00', 'XW', '下午', '1', '2015-05-15 17:00:00', '2015-05-15 17:00:00', '3', '0', '3', 'BMZ', '报名中', '1', '1', '4', '24', '2015-05-15 19:10:19', '2015-05-15 19:10:19', null);
INSERT INTO `tb_roaster_jx` VALUES ('35166b20-398f-4ec6-bbf9-d9ca811a3f94', '广州程通驾校-市内分点-陈辉教练-科目二', null, '003e98c0-4b35-4104-98c5-025c9c258e01', '陈辉', 'de9581d9-d016-470b-9126-ae297b673e57', '科目二', '9f4d700e-54c4-4843-8ff0-3fcff6661682', '广州程通驾校', '27a7e11d-7329-410b-99f3-6333f24107a1', '市内分点', '2015-05-15 10:00:00', '2015-05-15 11:00:00', 'SW', '上午', '1', '2015-05-15 10:00:00', '2015-05-15 10:00:00', '3', '0', '3', 'BMZ', '报名中', '1', '1', '4', '24', '2015-05-15 19:10:18', '2015-05-15 19:10:18', null);
INSERT INTO `tb_roaster_jx` VALUES ('35448dd6-a559-43e2-a87d-206fa69eb383', '广州程通驾校-市内分点-test2教练-科目二', null, 'bcece4af-0e95-400f-9125-ce68f24150c2', 'test2', 'de9581d9-d016-470b-9126-ae297b673e57', '科目二', '9f4d700e-54c4-4843-8ff0-3fcff6661682', '广州程通驾校', '27a7e11d-7329-410b-99f3-6333f24107a1', '市内分点', '2015-05-15 16:00:00', '2015-05-15 17:00:00', 'XW', '下午', '1', '2015-05-15 16:00:00', '2015-05-15 16:00:00', '3', '0', '3', 'BMZ', '报名中', '1', '1', '4', '24', '2015-05-15 19:10:22', '2015-05-15 19:10:22', null);
INSERT INTO `tb_roaster_jx` VALUES ('3606870c-7ab6-4537-b987-552f8f3433a5', '广州程通驾校-市内分点-陈曦教练-科目二', null, '4a99e726-f6d2-48ac-9ed8-3ce35f438662', '陈曦', 'de9581d9-d016-470b-9126-ae297b673e57', '科目二', '9f4d700e-54c4-4843-8ff0-3fcff6661682', '广州程通驾校', '27a7e11d-7329-410b-99f3-6333f24107a1', '市内分点', '2015-05-15 11:00:00', '2015-05-15 12:00:00', 'SW', '上午', '1', '2015-05-15 11:00:00', '2015-05-15 11:00:00', '3', '0', '3', 'BMZ', '报名中', '1', '1', '4', '24', '2015-05-15 19:10:20', '2015-05-15 19:10:20', null);
INSERT INTO `tb_roaster_jx` VALUES ('3754691c-3769-4cbf-b85a-8e0f43435036', '广州程通驾校-市内分点-叶伟强教练-科目三', null, '171bde61-88db-4ed1-b5f9-8e568f6df3c4', '叶伟强', '351742ee-ebcc-40cc-b5fc-fb3a39131e14', '科目三', '9f4d700e-54c4-4843-8ff0-3fcff6661682', '广州程通驾校', '27a7e11d-7329-410b-99f3-6333f24107a1', '市内分点', '2015-05-18 15:00:00', '2015-05-18 16:00:00', 'XW', '下午', '1', '2015-05-18 15:00:00', '2015-05-18 15:00:00', '3', '0', '3', 'BMZ', '报名中', '1', '1', '4', '24', '2015-05-15 19:10:18', '2015-05-15 19:10:18', null);
INSERT INTO `tb_roaster_jx` VALUES ('3817a5b3-8c53-41f2-b429-18bd931169aa', '广州程通驾校-市内分点-胡金宝教练-科目三', null, '628210b6-c121-46c5-b845-fa6ec1526956', '胡金宝', '351742ee-ebcc-40cc-b5fc-fb3a39131e14', '科目三', '9f4d700e-54c4-4843-8ff0-3fcff6661682', '广州程通驾校', '27a7e11d-7329-410b-99f3-6333f24107a1', '市内分点', '2015-05-15 11:00:00', '2015-05-15 12:00:00', 'SW', '上午', '1', '2015-05-15 11:00:00', '2015-05-15 11:00:00', '3', '0', '3', 'BMZ', '报名中', '1', '1', '4', '24', '2015-05-15 19:10:20', '2015-05-15 19:10:20', null);
INSERT INTO `tb_roaster_jx` VALUES ('3821ecdb-ae6f-4081-bae2-6ddc86fba0f5', '广州程通驾校-市内分点-叶伟强教练-科目三', null, '171bde61-88db-4ed1-b5f9-8e568f6df3c4', '叶伟强', '351742ee-ebcc-40cc-b5fc-fb3a39131e14', '科目三', '9f4d700e-54c4-4843-8ff0-3fcff6661682', '广州程通驾校', '27a7e11d-7329-410b-99f3-6333f24107a1', '市内分点', '2015-05-15 15:00:00', '2015-05-15 16:00:00', 'XW', '下午', '1', '2015-05-15 15:00:00', '2015-05-15 15:00:00', '3', '0', '3', 'BMZ', '报名中', '1', '1', '4', '24', '2015-05-15 19:10:18', '2015-05-15 19:10:18', null);
INSERT INTO `tb_roaster_jx` VALUES ('397baa40-c14a-438c-a707-bc6af22fce13', '广州程通驾校-市内分点-刘卫群教练-科目三', null, 'dadfa69a-daf6-4db7-be4b-c615de7f87cd', '刘卫群', '351742ee-ebcc-40cc-b5fc-fb3a39131e14', '科目三', '9f4d700e-54c4-4843-8ff0-3fcff6661682', '广州程通驾校', '27a7e11d-7329-410b-99f3-6333f24107a1', '市内分点', '2015-05-15 08:00:00', '2015-05-15 09:00:00', 'SW', '上午', '1', '2015-05-15 08:00:00', '2015-05-15 08:00:00', '3', '0', '3', 'BMZ', '报名中', '1', '1', '4', '24', '2015-05-15 19:10:23', '2015-05-15 19:10:23', null);
INSERT INTO `tb_roaster_jx` VALUES ('3981abe5-5aab-4816-babf-ae496c2aabed', '广州程通驾校-市内分点-张三教练-科目二', null, '3240fc5c-8113-4997-a310-d82c66a861fe', '张三', 'de9581d9-d016-470b-9126-ae297b673e57', '科目二', '9f4d700e-54c4-4843-8ff0-3fcff6661682', '广州程通驾校', '27a7e11d-7329-410b-99f3-6333f24107a1', '市内分点', '2015-05-15 16:00:00', '2015-05-15 17:00:00', 'XW', '下午', '1', '2015-05-15 16:00:00', '2015-05-15 16:00:00', '3', '0', '3', 'BMZ', '报名中', '1', '1', '4', '24', '2015-05-15 19:10:19', '2015-05-15 19:10:19', null);
INSERT INTO `tb_roaster_jx` VALUES ('39f843a1-c351-46bf-a1f8-b8ebcaf2120d', '广州程通驾校-市内分点-张三教练-科目二', null, '3240fc5c-8113-4997-a310-d82c66a861fe', '张三', 'de9581d9-d016-470b-9126-ae297b673e57', '科目二', '9f4d700e-54c4-4843-8ff0-3fcff6661682', '广州程通驾校', '27a7e11d-7329-410b-99f3-6333f24107a1', '市内分点', '2015-05-17 16:00:00', '2015-05-17 17:00:00', 'XW', '下午', '1', '2015-05-17 16:00:00', '2015-05-17 16:00:00', '3', '0', '3', 'BMZ', '报名中', '1', '1', '4', '24', '2015-05-15 19:10:19', '2015-05-15 19:10:19', null);
INSERT INTO `tb_roaster_jx` VALUES ('3a1a7490-ecdc-4634-960e-80066188df1c', '广州程通驾校-市内分点-陈曦教练-科目二', null, '4a99e726-f6d2-48ac-9ed8-3ce35f438662', '陈曦', 'de9581d9-d016-470b-9126-ae297b673e57', '科目二', '9f4d700e-54c4-4843-8ff0-3fcff6661682', '广州程通驾校', '27a7e11d-7329-410b-99f3-6333f24107a1', '市内分点', '2015-05-16 08:00:00', '2015-05-16 09:00:00', 'SW', '上午', '1', '2015-05-16 08:00:00', '2015-05-16 08:00:00', '3', '0', '3', 'BMZ', '报名中', '1', '1', '4', '24', '2015-05-15 19:10:20', '2015-05-15 19:10:20', null);
INSERT INTO `tb_roaster_jx` VALUES ('3a9a562e-f417-4267-b4a1-670c97c03b88', '广州程通驾校-市内分点-叶伟强教练-科目三', null, '171bde61-88db-4ed1-b5f9-8e568f6df3c4', '叶伟强', '351742ee-ebcc-40cc-b5fc-fb3a39131e14', '科目三', '9f4d700e-54c4-4843-8ff0-3fcff6661682', '广州程通驾校', '27a7e11d-7329-410b-99f3-6333f24107a1', '市内分点', '2015-05-16 16:00:00', '2015-05-16 17:00:00', 'XW', '下午', '1', '2015-05-16 16:00:00', '2015-05-16 16:00:00', '3', '0', '3', 'BMZ', '报名中', '1', '1', '4', '24', '2015-05-15 19:10:18', '2015-05-15 19:10:18', null);
INSERT INTO `tb_roaster_jx` VALUES ('3b1aad52-f53e-4c83-93a2-04fc3bf476a4', '广州程通驾校-市内分点-胡金宝教练-科目三', null, '628210b6-c121-46c5-b845-fa6ec1526956', '胡金宝', '351742ee-ebcc-40cc-b5fc-fb3a39131e14', '科目三', '9f4d700e-54c4-4843-8ff0-3fcff6661682', '广州程通驾校', '27a7e11d-7329-410b-99f3-6333f24107a1', '市内分点', '2015-05-18 08:00:00', '2015-05-18 09:00:00', 'SW', '上午', '1', '2015-05-18 08:00:00', '2015-05-18 08:00:00', '3', '0', '3', 'BMZ', '报名中', '1', '1', '4', '24', '2015-05-15 19:10:20', '2015-05-15 19:10:20', null);
INSERT INTO `tb_roaster_jx` VALUES ('3bddd8af-06ff-4030-81b8-6f140ae8892a', '广州程通驾校-市内分点-叶伟信教练-科目三', null, '918a9e6a-a516-4c85-be1f-7bcf9ba96518', '叶伟信', '351742ee-ebcc-40cc-b5fc-fb3a39131e14', '科目三', '9f4d700e-54c4-4843-8ff0-3fcff6661682', '广州程通驾校', '27a7e11d-7329-410b-99f3-6333f24107a1', '市内分点', '2015-05-16 11:00:00', '2015-05-16 12:00:00', 'SW', '上午', '1', '2015-05-16 11:00:00', '2015-05-16 11:00:00', '3', '0', '3', 'BMZ', '报名中', '1', '1', '4', '24', '2015-05-15 19:10:22', '2015-05-15 19:10:22', null);
INSERT INTO `tb_roaster_jx` VALUES ('3e47262f-f55e-4c4b-9fca-01879905be95', '广州程通驾校-市内分点-陈辉教练-科目二', null, '003e98c0-4b35-4104-98c5-025c9c258e01', '陈辉', 'de9581d9-d016-470b-9126-ae297b673e57', '科目二', '9f4d700e-54c4-4843-8ff0-3fcff6661682', '广州程通驾校', '27a7e11d-7329-410b-99f3-6333f24107a1', '市内分点', '2015-05-15 09:00:00', '2015-05-15 10:00:00', 'SW', '上午', '1', '2015-05-15 09:00:00', '2015-05-15 09:00:00', '3', '0', '3', 'BMZ', '报名中', '1', '1', '4', '24', '2015-05-15 19:10:18', '2015-05-15 19:10:18', null);
INSERT INTO `tb_roaster_jx` VALUES ('3e67fa3f-6e9c-4b99-8cdc-ed80ef538cb6', '广州程通驾校-市内分点-叶伟强教练-科目三', null, '171bde61-88db-4ed1-b5f9-8e568f6df3c4', '叶伟强', '351742ee-ebcc-40cc-b5fc-fb3a39131e14', '科目三', '9f4d700e-54c4-4843-8ff0-3fcff6661682', '广州程通驾校', '27a7e11d-7329-410b-99f3-6333f24107a1', '市内分点', '2015-05-17 11:00:00', '2015-05-17 12:00:00', 'SW', '上午', '1', '2015-05-17 11:00:00', '2015-05-17 11:00:00', '3', '0', '3', 'BMZ', '报名中', '1', '1', '4', '24', '2015-05-15 19:10:18', '2015-05-15 19:10:18', null);
INSERT INTO `tb_roaster_jx` VALUES ('3f5de63f-f7d7-4305-8165-4303741eb684', '广州程通驾校-市内分点-胡金宝教练-科目三', null, '628210b6-c121-46c5-b845-fa6ec1526956', '胡金宝', '351742ee-ebcc-40cc-b5fc-fb3a39131e14', '科目三', '9f4d700e-54c4-4843-8ff0-3fcff6661682', '广州程通驾校', '27a7e11d-7329-410b-99f3-6333f24107a1', '市内分点', '2015-05-18 17:00:00', '2015-05-18 18:00:00', 'XW', '下午', '1', '2015-05-18 17:00:00', '2015-05-18 17:00:00', '3', '0', '3', 'BMZ', '报名中', '1', '1', '4', '24', '2015-05-15 19:10:20', '2015-05-15 19:10:20', null);
INSERT INTO `tb_roaster_jx` VALUES ('3f661d64-10a0-40f5-a317-6f3eb66748ff', '广州程通驾校-海珠区-李四教练-科目二', null, '86b664d0-97ba-4e8e-9c67-910532ab9cc4', '李四', 'de9581d9-d016-470b-9126-ae297b673e57', '科目二', '9f4d700e-54c4-4843-8ff0-3fcff6661682', '广州程通驾校', '1e4904cb-4a40-4852-8127-5ae328b997b0', '海珠区', '2015-05-17 17:00:00', '2015-05-17 18:00:00', 'XW', '下午', '1', '2015-05-17 17:00:00', '2015-05-17 17:00:00', '3', '0', '3', 'BMZ', '报名中', '1', '1', '4', '24', '2015-05-15 19:10:21', '2015-05-15 19:10:21', null);
INSERT INTO `tb_roaster_jx` VALUES ('40369bba-41ef-4ba1-94de-95160aa1def5', '广州程通驾校-市内分点-test2教练-科目二', null, 'bcece4af-0e95-400f-9125-ce68f24150c2', 'test2', 'de9581d9-d016-470b-9126-ae297b673e57', '科目二', '9f4d700e-54c4-4843-8ff0-3fcff6661682', '广州程通驾校', '27a7e11d-7329-410b-99f3-6333f24107a1', '市内分点', '2015-05-15 10:00:00', '2015-05-15 11:00:00', 'SW', '上午', '1', '2015-05-15 10:00:00', '2015-05-15 10:00:00', '3', '0', '3', 'BMZ', '报名中', '1', '1', '4', '24', '2015-05-15 19:10:22', '2015-05-15 19:10:22', null);
INSERT INTO `tb_roaster_jx` VALUES ('4045c6e7-59bc-49e2-885d-3b2de05e48f8', '广州程通驾校-市内分点-test2教练-科目二', null, 'bcece4af-0e95-400f-9125-ce68f24150c2', 'test2', 'de9581d9-d016-470b-9126-ae297b673e57', '科目二', '9f4d700e-54c4-4843-8ff0-3fcff6661682', '广州程通驾校', '27a7e11d-7329-410b-99f3-6333f24107a1', '市内分点', '2015-05-17 14:00:00', '2015-05-17 15:00:00', 'XW', '下午', '1', '2015-05-17 14:00:00', '2015-05-17 14:00:00', '3', '0', '3', 'BMZ', '报名中', '1', '1', '4', '24', '2015-05-15 19:10:22', '2015-05-15 19:10:22', null);
INSERT INTO `tb_roaster_jx` VALUES ('40b7a7be-1ff2-46cb-a56d-f269368b9b62', '广州程通驾校-市内分点-叶伟强教练-科目三', null, '171bde61-88db-4ed1-b5f9-8e568f6df3c4', '叶伟强', '351742ee-ebcc-40cc-b5fc-fb3a39131e14', '科目三', '9f4d700e-54c4-4843-8ff0-3fcff6661682', '广州程通驾校', '27a7e11d-7329-410b-99f3-6333f24107a1', '市内分点', '2015-05-16 17:00:00', '2015-05-16 18:00:00', 'XW', '下午', '1', '2015-05-16 17:00:00', '2015-05-16 17:00:00', '3', '0', '3', 'BMZ', '报名中', '1', '1', '4', '24', '2015-05-15 19:10:18', '2015-05-15 19:10:18', null);
INSERT INTO `tb_roaster_jx` VALUES ('41ac4fa8-b003-4e65-88ce-926d07f3470e', '广州程通驾校-海珠区-李四教练-科目二', null, '86b664d0-97ba-4e8e-9c67-910532ab9cc4', '李四', 'de9581d9-d016-470b-9126-ae297b673e57', '科目二', '9f4d700e-54c4-4843-8ff0-3fcff6661682', '广州程通驾校', '1e4904cb-4a40-4852-8127-5ae328b997b0', '海珠区', '2015-05-15 11:00:00', '2015-05-15 12:00:00', 'SW', '上午', '1', '2015-05-15 11:00:00', '2015-05-15 11:00:00', '3', '0', '3', 'BMZ', '报名中', '1', '1', '4', '24', '2015-05-15 19:10:21', '2015-05-15 19:10:21', null);
INSERT INTO `tb_roaster_jx` VALUES ('42ca3db3-9b75-46bc-96e1-a9800a070f14', '广州程通驾校-市内分点-叶伟信教练-科目三', null, '918a9e6a-a516-4c85-be1f-7bcf9ba96518', '叶伟信', '351742ee-ebcc-40cc-b5fc-fb3a39131e14', '科目三', '9f4d700e-54c4-4843-8ff0-3fcff6661682', '广州程通驾校', '27a7e11d-7329-410b-99f3-6333f24107a1', '市内分点', '2015-05-15 11:00:00', '2015-05-15 12:00:00', 'SW', '上午', '1', '2015-05-15 11:00:00', '2015-05-15 11:00:00', '3', '0', '3', 'BMZ', '报名中', '1', '1', '4', '24', '2015-05-15 19:10:22', '2015-05-15 19:10:22', null);
INSERT INTO `tb_roaster_jx` VALUES ('43b833b4-1e4a-47da-afd5-41e411b9ec42', '广州程通驾校-市内分点-刘卫群教练-科目三', null, 'dadfa69a-daf6-4db7-be4b-c615de7f87cd', '刘卫群', '351742ee-ebcc-40cc-b5fc-fb3a39131e14', '科目三', '9f4d700e-54c4-4843-8ff0-3fcff6661682', '广州程通驾校', '27a7e11d-7329-410b-99f3-6333f24107a1', '市内分点', '2015-05-15 14:00:00', '2015-05-15 15:00:00', 'XW', '下午', '1', '2015-05-15 14:00:00', '2015-05-15 14:00:00', '3', '0', '3', 'BMZ', '报名中', '1', '1', '4', '24', '2015-05-15 19:10:23', '2015-05-15 19:10:23', null);
INSERT INTO `tb_roaster_jx` VALUES ('4482ad26-6aee-432e-9091-9c7f2900823a', '广州程通驾校-市内分点-胡金宝教练-科目三', null, '628210b6-c121-46c5-b845-fa6ec1526956', '胡金宝', '351742ee-ebcc-40cc-b5fc-fb3a39131e14', '科目三', '9f4d700e-54c4-4843-8ff0-3fcff6661682', '广州程通驾校', '27a7e11d-7329-410b-99f3-6333f24107a1', '市内分点', '2015-05-17 17:00:00', '2015-05-17 18:00:00', 'XW', '下午', '1', '2015-05-17 17:00:00', '2015-05-17 17:00:00', '3', '0', '3', 'BMZ', '报名中', '1', '1', '4', '24', '2015-05-15 19:10:20', '2015-05-15 19:10:20', null);
INSERT INTO `tb_roaster_jx` VALUES ('448ec626-61c2-46a8-b8fc-b336ddc6205e', '广州程通驾校-市内分点-陈曦教练-科目二', null, '4a99e726-f6d2-48ac-9ed8-3ce35f438662', '陈曦', 'de9581d9-d016-470b-9126-ae297b673e57', '科目二', '9f4d700e-54c4-4843-8ff0-3fcff6661682', '广州程通驾校', '27a7e11d-7329-410b-99f3-6333f24107a1', '市内分点', '2015-05-17 15:00:00', '2015-05-17 16:00:00', 'XW', '下午', '1', '2015-05-17 15:00:00', '2015-05-17 15:00:00', '3', '0', '3', 'BMZ', '报名中', '1', '1', '4', '24', '2015-05-15 19:10:20', '2015-05-15 19:10:20', null);
INSERT INTO `tb_roaster_jx` VALUES ('44fac025-2cf5-489a-937b-42e03f1dee7d', '广州程通驾校-市内分点-李步喜教练-科目二', null, '6fdea2dd-a28d-429d-934b-658b900e900e', '李步喜', 'de9581d9-d016-470b-9126-ae297b673e57', '科目二', '9f4d700e-54c4-4843-8ff0-3fcff6661682', '广州程通驾校', '27a7e11d-7329-410b-99f3-6333f24107a1', '市内分点', '2015-05-16 17:00:00', '2015-05-16 18:00:00', 'XW', '下午', '1', '2015-05-16 17:00:00', '2015-05-16 17:00:00', '3', '0', '3', 'BMZ', '报名中', '1', '1', '4', '24', '2015-05-15 19:10:21', '2015-05-15 19:10:21', null);
INSERT INTO `tb_roaster_jx` VALUES ('4506efd8-805d-4c12-ac20-a92f8660fbfe', '广州程通驾校-市内分点-李步喜教练-科目二', null, '6fdea2dd-a28d-429d-934b-658b900e900e', '李步喜', 'de9581d9-d016-470b-9126-ae297b673e57', '科目二', '9f4d700e-54c4-4843-8ff0-3fcff6661682', '广州程通驾校', '27a7e11d-7329-410b-99f3-6333f24107a1', '市内分点', '2015-05-17 16:00:00', '2015-05-17 17:00:00', 'XW', '下午', '1', '2015-05-17 16:00:00', '2015-05-17 16:00:00', '3', '0', '3', 'BMZ', '报名中', '1', '1', '4', '24', '2015-05-15 19:10:21', '2015-05-15 19:10:21', null);
INSERT INTO `tb_roaster_jx` VALUES ('45509e64-f3ae-42ed-a3f0-9e2957ab9b49', '广州程通驾校-市内分点-李步喜教练-科目二', null, '6fdea2dd-a28d-429d-934b-658b900e900e', '李步喜', 'de9581d9-d016-470b-9126-ae297b673e57', '科目二', '9f4d700e-54c4-4843-8ff0-3fcff6661682', '广州程通驾校', '27a7e11d-7329-410b-99f3-6333f24107a1', '市内分点', '2015-05-18 09:00:00', '2015-05-18 10:00:00', 'SW', '上午', '1', '2015-05-18 09:00:00', '2015-05-18 09:00:00', '3', '0', '3', 'BMZ', '报名中', '1', '1', '4', '24', '2015-05-15 19:10:21', '2015-05-15 19:10:21', null);
INSERT INTO `tb_roaster_jx` VALUES ('46d7d211-98e0-4113-9386-673cbf2ae941', '广州程通驾校-市内分点-刘卫群教练-科目三', null, 'dadfa69a-daf6-4db7-be4b-c615de7f87cd', '刘卫群', '351742ee-ebcc-40cc-b5fc-fb3a39131e14', '科目三', '9f4d700e-54c4-4843-8ff0-3fcff6661682', '广州程通驾校', '27a7e11d-7329-410b-99f3-6333f24107a1', '市内分点', '2015-05-18 16:00:00', '2015-05-18 17:00:00', 'XW', '下午', '1', '2015-05-18 16:00:00', '2015-05-18 16:00:00', '3', '0', '3', 'BMZ', '报名中', '1', '1', '4', '24', '2015-05-15 19:10:23', '2015-05-15 19:10:23', null);
INSERT INTO `tb_roaster_jx` VALUES ('48d643df-df11-4772-80cd-6616ff260618', '广州程通驾校-市内分点-刘卫群教练-科目三', null, 'dadfa69a-daf6-4db7-be4b-c615de7f87cd', '刘卫群', '351742ee-ebcc-40cc-b5fc-fb3a39131e14', '科目三', '9f4d700e-54c4-4843-8ff0-3fcff6661682', '广州程通驾校', '27a7e11d-7329-410b-99f3-6333f24107a1', '市内分点', '2015-05-17 09:00:00', '2015-05-17 10:00:00', 'SW', '上午', '1', '2015-05-17 09:00:00', '2015-05-17 09:00:00', '3', '0', '3', 'BMZ', '报名中', '1', '1', '4', '24', '2015-05-15 19:10:23', '2015-05-15 19:10:23', null);
INSERT INTO `tb_roaster_jx` VALUES ('48d67397-1c79-4ff1-8778-45c6756e4518', '广州程通驾校-市内分点-张三教练-科目二', null, '3240fc5c-8113-4997-a310-d82c66a861fe', '张三', 'de9581d9-d016-470b-9126-ae297b673e57', '科目二', '9f4d700e-54c4-4843-8ff0-3fcff6661682', '广州程通驾校', '27a7e11d-7329-410b-99f3-6333f24107a1', '市内分点', '2015-05-17 14:00:00', '2015-05-17 15:00:00', 'XW', '下午', '1', '2015-05-17 14:00:00', '2015-05-17 14:00:00', '3', '0', '3', 'BMZ', '报名中', '1', '1', '4', '24', '2015-05-15 19:10:19', '2015-05-15 19:10:19', null);
INSERT INTO `tb_roaster_jx` VALUES ('49638cf1-6487-45d3-ae71-f0f1f57f669e', '广州程通驾校-市内分点-陈曦教练-科目二', null, '4a99e726-f6d2-48ac-9ed8-3ce35f438662', '陈曦', 'de9581d9-d016-470b-9126-ae297b673e57', '科目二', '9f4d700e-54c4-4843-8ff0-3fcff6661682', '广州程通驾校', '27a7e11d-7329-410b-99f3-6333f24107a1', '市内分点', '2015-05-18 16:00:00', '2015-05-18 17:00:00', 'XW', '下午', '1', '2015-05-18 16:00:00', '2015-05-18 16:00:00', '3', '0', '3', 'BMZ', '报名中', '1', '1', '4', '24', '2015-05-15 19:10:20', '2015-05-15 19:10:20', null);
INSERT INTO `tb_roaster_jx` VALUES ('4a45a31d-325a-48d1-90ac-d53c213a7a30', '广州程通驾校-市内分点-叶伟信教练-科目三', null, '918a9e6a-a516-4c85-be1f-7bcf9ba96518', '叶伟信', '351742ee-ebcc-40cc-b5fc-fb3a39131e14', '科目三', '9f4d700e-54c4-4843-8ff0-3fcff6661682', '广州程通驾校', '27a7e11d-7329-410b-99f3-6333f24107a1', '市内分点', '2015-05-15 15:00:00', '2015-05-15 16:00:00', 'XW', '下午', '1', '2015-05-15 15:00:00', '2015-05-15 15:00:00', '3', '0', '3', 'BMZ', '报名中', '1', '1', '4', '24', '2015-05-15 19:10:22', '2015-05-15 19:10:22', null);
INSERT INTO `tb_roaster_jx` VALUES ('4b0853cb-88a0-4f1d-8797-7cac183bbaad', '广州程通驾校-海珠区-李四教练-科目二', null, '86b664d0-97ba-4e8e-9c67-910532ab9cc4', '李四', 'de9581d9-d016-470b-9126-ae297b673e57', '科目二', '9f4d700e-54c4-4843-8ff0-3fcff6661682', '广州程通驾校', '1e4904cb-4a40-4852-8127-5ae328b997b0', '海珠区', '2015-05-15 17:00:00', '2015-05-15 18:00:00', 'XW', '下午', '1', '2015-05-15 17:00:00', '2015-05-15 17:00:00', '3', '0', '3', 'BMZ', '报名中', '1', '1', '4', '24', '2015-05-15 19:10:21', '2015-05-15 19:10:21', null);
INSERT INTO `tb_roaster_jx` VALUES ('4c05756c-7773-4e20-9fa4-c064ce0ba050', '广州程通驾校-市内分点-test2教练-科目二', null, 'bcece4af-0e95-400f-9125-ce68f24150c2', 'test2', 'de9581d9-d016-470b-9126-ae297b673e57', '科目二', '9f4d700e-54c4-4843-8ff0-3fcff6661682', '广州程通驾校', '27a7e11d-7329-410b-99f3-6333f24107a1', '市内分点', '2015-05-18 11:00:00', '2015-05-18 12:00:00', 'SW', '上午', '1', '2015-05-18 11:00:00', '2015-05-18 11:00:00', '3', '0', '3', 'BMZ', '报名中', '1', '1', '4', '24', '2015-05-15 19:10:22', '2015-05-15 19:10:22', null);
INSERT INTO `tb_roaster_jx` VALUES ('4c34077f-018d-4d99-8aec-2f052748e327', '广州程通驾校-海珠区-李四教练-科目二', null, '86b664d0-97ba-4e8e-9c67-910532ab9cc4', '李四', 'de9581d9-d016-470b-9126-ae297b673e57', '科目二', '9f4d700e-54c4-4843-8ff0-3fcff6661682', '广州程通驾校', '1e4904cb-4a40-4852-8127-5ae328b997b0', '海珠区', '2015-05-18 09:00:00', '2015-05-18 10:00:00', 'SW', '上午', '1', '2015-05-18 09:00:00', '2015-05-18 09:00:00', '3', '0', '3', 'BMZ', '报名中', '1', '1', '4', '24', '2015-05-15 19:10:21', '2015-05-15 19:10:21', null);
INSERT INTO `tb_roaster_jx` VALUES ('4da4c27f-8174-4c9e-9176-00717dab4f30', '广州程通驾校-市内分点-陈辉教练-科目二', null, '003e98c0-4b35-4104-98c5-025c9c258e01', '陈辉', 'de9581d9-d016-470b-9126-ae297b673e57', '科目二', '9f4d700e-54c4-4843-8ff0-3fcff6661682', '广州程通驾校', '27a7e11d-7329-410b-99f3-6333f24107a1', '市内分点', '2015-05-15 16:00:00', '2015-05-15 17:00:00', 'XW', '下午', '1', '2015-05-15 16:00:00', '2015-05-15 16:00:00', '3', '0', '3', 'BMZ', '报名中', '1', '1', '4', '24', '2015-05-15 19:10:18', '2015-05-15 19:10:18', null);
INSERT INTO `tb_roaster_jx` VALUES ('4fd3843a-03cc-4eff-885f-18b7dab44cf8', '广州程通驾校-市内分点-test2教练-科目二', null, 'bcece4af-0e95-400f-9125-ce68f24150c2', 'test2', 'de9581d9-d016-470b-9126-ae297b673e57', '科目二', '9f4d700e-54c4-4843-8ff0-3fcff6661682', '广州程通驾校', '27a7e11d-7329-410b-99f3-6333f24107a1', '市内分点', '2015-05-18 16:00:00', '2015-05-18 17:00:00', 'XW', '下午', '1', '2015-05-18 16:00:00', '2015-05-18 16:00:00', '3', '0', '3', 'BMZ', '报名中', '1', '1', '4', '24', '2015-05-15 19:10:22', '2015-05-15 19:10:22', null);
INSERT INTO `tb_roaster_jx` VALUES ('4ff51d5b-eef2-4d52-a6c7-31dd1c1d4bdb', '广州程通驾校-市内分点-张三教练-科目二', null, '3240fc5c-8113-4997-a310-d82c66a861fe', '张三', 'de9581d9-d016-470b-9126-ae297b673e57', '科目二', '9f4d700e-54c4-4843-8ff0-3fcff6661682', '广州程通驾校', '27a7e11d-7329-410b-99f3-6333f24107a1', '市内分点', '2015-05-15 14:00:00', '2015-05-15 15:00:00', 'XW', '下午', '1', '2015-05-15 14:00:00', '2015-05-15 14:00:00', '3', '0', '3', 'BMZ', '报名中', '1', '1', '4', '24', '2015-05-15 19:10:19', '2015-05-15 19:10:19', null);
INSERT INTO `tb_roaster_jx` VALUES ('50c6f3cf-d596-40f7-8742-8ed5409a4ba1', '广州程通驾校-市内分点-李步喜教练-科目二', null, '6fdea2dd-a28d-429d-934b-658b900e900e', '李步喜', 'de9581d9-d016-470b-9126-ae297b673e57', '科目二', '9f4d700e-54c4-4843-8ff0-3fcff6661682', '广州程通驾校', '27a7e11d-7329-410b-99f3-6333f24107a1', '市内分点', '2015-05-15 17:00:00', '2015-05-15 18:00:00', 'XW', '下午', '1', '2015-05-15 17:00:00', '2015-05-15 17:00:00', '3', '0', '3', 'BMZ', '报名中', '1', '1', '4', '24', '2015-05-15 19:10:21', '2015-05-15 19:10:21', null);
INSERT INTO `tb_roaster_jx` VALUES ('511e19ba-78e7-44bf-8ee0-7a2962f97c0d', '广州程通驾校-市内分点-陈曦教练-科目二', null, '4a99e726-f6d2-48ac-9ed8-3ce35f438662', '陈曦', 'de9581d9-d016-470b-9126-ae297b673e57', '科目二', '9f4d700e-54c4-4843-8ff0-3fcff6661682', '广州程通驾校', '27a7e11d-7329-410b-99f3-6333f24107a1', '市内分点', '2015-05-16 10:00:00', '2015-05-16 11:00:00', 'SW', '上午', '1', '2015-05-16 10:00:00', '2015-05-16 10:00:00', '3', '0', '3', 'BMZ', '报名中', '1', '1', '4', '24', '2015-05-15 19:10:20', '2015-05-15 19:10:20', null);
INSERT INTO `tb_roaster_jx` VALUES ('5146858f-4f45-42ca-a7ce-9332e9911bd3', '广州程通驾校-市内分点-刘卫群教练-科目三', null, 'dadfa69a-daf6-4db7-be4b-c615de7f87cd', '刘卫群', '351742ee-ebcc-40cc-b5fc-fb3a39131e14', '科目三', '9f4d700e-54c4-4843-8ff0-3fcff6661682', '广州程通驾校', '27a7e11d-7329-410b-99f3-6333f24107a1', '市内分点', '2015-05-18 10:00:00', '2015-05-18 11:00:00', 'SW', '上午', '1', '2015-05-18 10:00:00', '2015-05-18 10:00:00', '3', '0', '3', 'BMZ', '报名中', '1', '1', '4', '24', '2015-05-15 19:10:23', '2015-05-15 19:10:23', null);
INSERT INTO `tb_roaster_jx` VALUES ('51fe43ac-8102-4929-8029-18a7a05ae17e', '广州程通驾校-市内分点-陈曦教练-科目二', null, '4a99e726-f6d2-48ac-9ed8-3ce35f438662', '陈曦', 'de9581d9-d016-470b-9126-ae297b673e57', '科目二', '9f4d700e-54c4-4843-8ff0-3fcff6661682', '广州程通驾校', '27a7e11d-7329-410b-99f3-6333f24107a1', '市内分点', '2015-05-15 09:00:00', '2015-05-15 10:00:00', 'SW', '上午', '1', '2015-05-15 09:00:00', '2015-05-15 09:00:00', '3', '0', '3', 'BMZ', '报名中', '1', '1', '4', '24', '2015-05-15 19:10:20', '2015-05-15 19:10:20', null);
INSERT INTO `tb_roaster_jx` VALUES ('5304a72d-c674-46b2-a728-ce68c475c67e', '广州程通驾校-市内分点-test2教练-科目二', null, 'bcece4af-0e95-400f-9125-ce68f24150c2', 'test2', 'de9581d9-d016-470b-9126-ae297b673e57', '科目二', '9f4d700e-54c4-4843-8ff0-3fcff6661682', '广州程通驾校', '27a7e11d-7329-410b-99f3-6333f24107a1', '市内分点', '2015-05-18 17:00:00', '2015-05-18 18:00:00', 'XW', '下午', '1', '2015-05-18 17:00:00', '2015-05-18 17:00:00', '3', '0', '3', 'BMZ', '报名中', '1', '1', '4', '24', '2015-05-15 19:10:22', '2015-05-15 19:10:22', null);
INSERT INTO `tb_roaster_jx` VALUES ('532f8df6-5d98-4783-8547-98362608f537', '广州程通驾校-市内分点-李步喜教练-科目二', null, '6fdea2dd-a28d-429d-934b-658b900e900e', '李步喜', 'de9581d9-d016-470b-9126-ae297b673e57', '科目二', '9f4d700e-54c4-4843-8ff0-3fcff6661682', '广州程通驾校', '27a7e11d-7329-410b-99f3-6333f24107a1', '市内分点', '2015-05-16 11:00:00', '2015-05-16 12:00:00', 'SW', '上午', '1', '2015-05-16 11:00:00', '2015-05-16 11:00:00', '3', '0', '3', 'BMZ', '报名中', '1', '1', '4', '24', '2015-05-15 19:10:21', '2015-05-15 19:10:21', null);
INSERT INTO `tb_roaster_jx` VALUES ('5424da99-c86a-4b9f-8b66-1d9d13692915', '广州程通驾校-市内分点-张三教练-科目二', null, '3240fc5c-8113-4997-a310-d82c66a861fe', '张三', 'de9581d9-d016-470b-9126-ae297b673e57', '科目二', '9f4d700e-54c4-4843-8ff0-3fcff6661682', '广州程通驾校', '27a7e11d-7329-410b-99f3-6333f24107a1', '市内分点', '2015-05-17 10:00:00', '2015-05-17 11:00:00', 'SW', '上午', '1', '2015-05-17 10:00:00', '2015-05-17 10:00:00', '3', '0', '3', 'BMZ', '报名中', '1', '1', '4', '24', '2015-05-15 19:10:19', '2015-05-15 19:10:19', null);
INSERT INTO `tb_roaster_jx` VALUES ('54d15036-3f30-4aba-95b9-346312d6d336', '广州程通驾校-市内分点-刘卫群教练-科目三', null, 'dadfa69a-daf6-4db7-be4b-c615de7f87cd', '刘卫群', '351742ee-ebcc-40cc-b5fc-fb3a39131e14', '科目三', '9f4d700e-54c4-4843-8ff0-3fcff6661682', '广州程通驾校', '27a7e11d-7329-410b-99f3-6333f24107a1', '市内分点', '2015-05-17 14:00:00', '2015-05-17 15:00:00', 'XW', '下午', '1', '2015-05-17 14:00:00', '2015-05-17 14:00:00', '3', '0', '3', 'BMZ', '报名中', '1', '1', '4', '24', '2015-05-15 19:10:23', '2015-05-15 19:10:23', null);
INSERT INTO `tb_roaster_jx` VALUES ('55717c53-f468-4449-9a05-604e3029d176', '广州程通驾校-市内分点-陈辉教练-科目二', null, '003e98c0-4b35-4104-98c5-025c9c258e01', '陈辉', 'de9581d9-d016-470b-9126-ae297b673e57', '科目二', '9f4d700e-54c4-4843-8ff0-3fcff6661682', '广州程通驾校', '27a7e11d-7329-410b-99f3-6333f24107a1', '市内分点', '2015-05-18 10:00:00', '2015-05-18 11:00:00', 'SW', '上午', '1', '2015-05-18 10:00:00', '2015-05-18 10:00:00', '3', '0', '3', 'BMZ', '报名中', '1', '1', '4', '24', '2015-05-15 19:10:18', '2015-05-15 19:10:18', null);
INSERT INTO `tb_roaster_jx` VALUES ('55d293aa-fd09-4cb4-a905-32be08cdcf9e', '广州程通驾校-市内分点-陈辉教练-科目二', null, '003e98c0-4b35-4104-98c5-025c9c258e01', '陈辉', 'de9581d9-d016-470b-9126-ae297b673e57', '科目二', '9f4d700e-54c4-4843-8ff0-3fcff6661682', '广州程通驾校', '27a7e11d-7329-410b-99f3-6333f24107a1', '市内分点', '2015-05-16 10:00:00', '2015-05-16 11:00:00', 'SW', '上午', '1', '2015-05-16 10:00:00', '2015-05-16 10:00:00', '3', '0', '3', 'BMZ', '报名中', '1', '1', '4', '24', '2015-05-15 19:10:18', '2015-05-15 19:10:18', null);
INSERT INTO `tb_roaster_jx` VALUES ('5722911e-2ee4-4668-885f-ad0845a00fb0', '广州程通驾校-市内分点-test2教练-科目二', null, 'bcece4af-0e95-400f-9125-ce68f24150c2', 'test2', 'de9581d9-d016-470b-9126-ae297b673e57', '科目二', '9f4d700e-54c4-4843-8ff0-3fcff6661682', '广州程通驾校', '27a7e11d-7329-410b-99f3-6333f24107a1', '市内分点', '2015-05-18 14:00:00', '2015-05-18 15:00:00', 'XW', '下午', '1', '2015-05-18 14:00:00', '2015-05-18 14:00:00', '3', '0', '3', 'BMZ', '报名中', '1', '1', '4', '24', '2015-05-15 19:10:22', '2015-05-15 19:10:22', null);
INSERT INTO `tb_roaster_jx` VALUES ('57503b55-f98c-4340-8980-70a502b308b9', '广州程通驾校-市内分点-test2教练-科目二', null, 'bcece4af-0e95-400f-9125-ce68f24150c2', 'test2', 'de9581d9-d016-470b-9126-ae297b673e57', '科目二', '9f4d700e-54c4-4843-8ff0-3fcff6661682', '广州程通驾校', '27a7e11d-7329-410b-99f3-6333f24107a1', '市内分点', '2015-05-17 17:00:00', '2015-05-17 18:00:00', 'XW', '下午', '1', '2015-05-17 17:00:00', '2015-05-17 17:00:00', '3', '0', '3', 'BMZ', '报名中', '1', '1', '4', '24', '2015-05-15 19:10:22', '2015-05-15 19:10:22', null);
INSERT INTO `tb_roaster_jx` VALUES ('57dbe6c9-a5cb-4f03-ba42-09637596109e', '广州程通驾校-海珠区-李四教练-科目二', null, '86b664d0-97ba-4e8e-9c67-910532ab9cc4', '李四', 'de9581d9-d016-470b-9126-ae297b673e57', '科目二', '9f4d700e-54c4-4843-8ff0-3fcff6661682', '广州程通驾校', '1e4904cb-4a40-4852-8127-5ae328b997b0', '海珠区', '2015-05-17 16:00:00', '2015-05-17 17:00:00', 'XW', '下午', '1', '2015-05-17 16:00:00', '2015-05-17 16:00:00', '3', '0', '3', 'BMZ', '报名中', '1', '1', '4', '24', '2015-05-15 19:10:21', '2015-05-15 19:10:21', null);
INSERT INTO `tb_roaster_jx` VALUES ('57e17257-81e4-4d6c-abf1-5d60b445d676', '广州程通驾校-市内分点-叶伟强教练-科目三', null, '171bde61-88db-4ed1-b5f9-8e568f6df3c4', '叶伟强', '351742ee-ebcc-40cc-b5fc-fb3a39131e14', '科目三', '9f4d700e-54c4-4843-8ff0-3fcff6661682', '广州程通驾校', '27a7e11d-7329-410b-99f3-6333f24107a1', '市内分点', '2015-05-17 16:00:00', '2015-05-17 17:00:00', 'XW', '下午', '1', '2015-05-17 16:00:00', '2015-05-17 16:00:00', '3', '0', '3', 'BMZ', '报名中', '1', '1', '4', '24', '2015-05-15 19:10:18', '2015-05-15 19:10:18', null);
INSERT INTO `tb_roaster_jx` VALUES ('58051a75-259d-475a-ad95-3a4014795b62', '广州程通驾校-市内分点-陈辉教练-科目二', null, '003e98c0-4b35-4104-98c5-025c9c258e01', '陈辉', 'de9581d9-d016-470b-9126-ae297b673e57', '科目二', '9f4d700e-54c4-4843-8ff0-3fcff6661682', '广州程通驾校', '27a7e11d-7329-410b-99f3-6333f24107a1', '市内分点', '2015-05-17 17:00:00', '2015-05-17 18:00:00', 'XW', '下午', '1', '2015-05-17 17:00:00', '2015-05-17 17:00:00', '3', '0', '3', 'BMZ', '报名中', '1', '1', '4', '24', '2015-05-15 19:10:18', '2015-05-15 19:10:18', null);
INSERT INTO `tb_roaster_jx` VALUES ('5b6d1140-48c5-4a75-84c9-96b5d5bf7a51', '广州程通驾校-市内分点-test2教练-科目二', null, 'bcece4af-0e95-400f-9125-ce68f24150c2', 'test2', 'de9581d9-d016-470b-9126-ae297b673e57', '科目二', '9f4d700e-54c4-4843-8ff0-3fcff6661682', '广州程通驾校', '27a7e11d-7329-410b-99f3-6333f24107a1', '市内分点', '2015-05-15 14:00:00', '2015-05-15 15:00:00', 'XW', '下午', '1', '2015-05-15 14:00:00', '2015-05-15 14:00:00', '3', '0', '3', 'BMZ', '报名中', '1', '1', '4', '24', '2015-05-15 19:10:22', '2015-05-15 19:10:22', null);
INSERT INTO `tb_roaster_jx` VALUES ('5b8e7c79-8b0f-4e5c-a178-b958cb5b87b2', '广州程通驾校-市内分点-胡金宝教练-科目三', null, '628210b6-c121-46c5-b845-fa6ec1526956', '胡金宝', '351742ee-ebcc-40cc-b5fc-fb3a39131e14', '科目三', '9f4d700e-54c4-4843-8ff0-3fcff6661682', '广州程通驾校', '27a7e11d-7329-410b-99f3-6333f24107a1', '市内分点', '2015-05-15 15:00:00', '2015-05-15 16:00:00', 'XW', '下午', '1', '2015-05-15 15:00:00', '2015-05-15 15:00:00', '3', '0', '3', 'BMZ', '报名中', '1', '1', '4', '24', '2015-05-15 19:10:20', '2015-05-15 19:10:20', null);
INSERT INTO `tb_roaster_jx` VALUES ('5cac2085-318d-43df-ad3f-6d93950d83a5', '广州程通驾校-市内分点-叶伟信教练-科目三', null, '918a9e6a-a516-4c85-be1f-7bcf9ba96518', '叶伟信', '351742ee-ebcc-40cc-b5fc-fb3a39131e14', '科目三', '9f4d700e-54c4-4843-8ff0-3fcff6661682', '广州程通驾校', '27a7e11d-7329-410b-99f3-6333f24107a1', '市内分点', '2015-05-15 10:00:00', '2015-05-15 11:00:00', 'SW', '上午', '1', '2015-05-15 10:00:00', '2015-05-15 10:00:00', '3', '0', '3', 'BMZ', '报名中', '1', '1', '4', '24', '2015-05-15 19:10:22', '2015-05-15 19:10:22', null);
INSERT INTO `tb_roaster_jx` VALUES ('5e66ce84-c7c2-4750-b0f3-31dd5884bcd1', '广州程通驾校-海珠区-李四教练-科目二', null, '86b664d0-97ba-4e8e-9c67-910532ab9cc4', '李四', 'de9581d9-d016-470b-9126-ae297b673e57', '科目二', '9f4d700e-54c4-4843-8ff0-3fcff6661682', '广州程通驾校', '1e4904cb-4a40-4852-8127-5ae328b997b0', '海珠区', '2015-05-17 15:00:00', '2015-05-17 16:00:00', 'XW', '下午', '1', '2015-05-17 15:00:00', '2015-05-17 15:00:00', '3', '0', '3', 'BMZ', '报名中', '1', '1', '4', '24', '2015-05-15 19:10:21', '2015-05-15 19:10:21', null);
INSERT INTO `tb_roaster_jx` VALUES ('5f49b3f0-16cf-45ff-a7a4-e5b42e34947f', '广州程通驾校-市内分点-叶伟强教练-科目三', null, '171bde61-88db-4ed1-b5f9-8e568f6df3c4', '叶伟强', '351742ee-ebcc-40cc-b5fc-fb3a39131e14', '科目三', '9f4d700e-54c4-4843-8ff0-3fcff6661682', '广州程通驾校', '27a7e11d-7329-410b-99f3-6333f24107a1', '市内分点', '2015-05-15 11:00:00', '2015-05-15 12:00:00', 'SW', '上午', '1', '2015-05-15 11:00:00', '2015-05-15 11:00:00', '3', '0', '3', 'BMZ', '报名中', '1', '1', '4', '24', '2015-05-15 19:10:18', '2015-05-15 19:10:18', null);
INSERT INTO `tb_roaster_jx` VALUES ('5f59ae0b-4c33-4678-81a2-e37122441994', '广州程通驾校-市内分点-李步喜教练-科目二', null, '6fdea2dd-a28d-429d-934b-658b900e900e', '李步喜', 'de9581d9-d016-470b-9126-ae297b673e57', '科目二', '9f4d700e-54c4-4843-8ff0-3fcff6661682', '广州程通驾校', '27a7e11d-7329-410b-99f3-6333f24107a1', '市内分点', '2015-05-18 15:00:00', '2015-05-18 16:00:00', 'XW', '下午', '1', '2015-05-18 15:00:00', '2015-05-18 15:00:00', '3', '0', '3', 'BMZ', '报名中', '1', '1', '4', '24', '2015-05-15 19:10:21', '2015-05-15 19:10:21', null);
INSERT INTO `tb_roaster_jx` VALUES ('5f94af44-4887-4fd9-9c64-b36931f0e474', '广州程通驾校-市内分点-胡金宝教练-科目三', null, '628210b6-c121-46c5-b845-fa6ec1526956', '胡金宝', '351742ee-ebcc-40cc-b5fc-fb3a39131e14', '科目三', '9f4d700e-54c4-4843-8ff0-3fcff6661682', '广州程通驾校', '27a7e11d-7329-410b-99f3-6333f24107a1', '市内分点', '2015-05-18 10:00:00', '2015-05-18 11:00:00', 'SW', '上午', '1', '2015-05-18 10:00:00', '2015-05-18 10:00:00', '3', '0', '3', 'BMZ', '报名中', '1', '1', '4', '24', '2015-05-15 19:10:20', '2015-05-15 19:10:20', null);
INSERT INTO `tb_roaster_jx` VALUES ('60529518-f13f-4814-a01f-fe043854fcc7', '广州程通驾校-市内分点-叶伟信教练-科目三', null, '918a9e6a-a516-4c85-be1f-7bcf9ba96518', '叶伟信', '351742ee-ebcc-40cc-b5fc-fb3a39131e14', '科目三', '9f4d700e-54c4-4843-8ff0-3fcff6661682', '广州程通驾校', '27a7e11d-7329-410b-99f3-6333f24107a1', '市内分点', '2015-05-15 09:00:00', '2015-05-15 10:00:00', 'SW', '上午', '1', '2015-05-15 09:00:00', '2015-05-15 09:00:00', '3', '0', '3', 'BMZ', '报名中', '1', '1', '4', '24', '2015-05-15 19:10:22', '2015-05-15 19:10:22', null);
INSERT INTO `tb_roaster_jx` VALUES ('606fcbf3-76e4-43be-893e-a4159ff69ea0', '广州程通驾校-市内分点-陈曦教练-科目二', null, '4a99e726-f6d2-48ac-9ed8-3ce35f438662', '陈曦', 'de9581d9-d016-470b-9126-ae297b673e57', '科目二', '9f4d700e-54c4-4843-8ff0-3fcff6661682', '广州程通驾校', '27a7e11d-7329-410b-99f3-6333f24107a1', '市内分点', '2015-05-15 10:00:00', '2015-05-15 11:00:00', 'SW', '上午', '1', '2015-05-15 10:00:00', '2015-05-15 10:00:00', '3', '0', '3', 'BMZ', '报名中', '1', '1', '4', '24', '2015-05-15 19:10:20', '2015-05-15 19:10:20', null);
INSERT INTO `tb_roaster_jx` VALUES ('6110a89b-d5f4-4e01-9835-cadcb9ba62d4', '广州程通驾校-市内分点-test2教练-科目二', null, 'bcece4af-0e95-400f-9125-ce68f24150c2', 'test2', 'de9581d9-d016-470b-9126-ae297b673e57', '科目二', '9f4d700e-54c4-4843-8ff0-3fcff6661682', '广州程通驾校', '27a7e11d-7329-410b-99f3-6333f24107a1', '市内分点', '2015-05-16 14:00:00', '2015-05-16 15:00:00', 'XW', '下午', '1', '2015-05-16 14:00:00', '2015-05-16 14:00:00', '3', '0', '2', 'BMZ', '报名中', '1', '1', '4', '24', '2015-05-15 19:10:22', '2015-05-15 19:10:22', null);
INSERT INTO `tb_roaster_jx` VALUES ('629569c3-3fb1-4c4d-aaa6-785b55f5164a', '广州程通驾校-市内分点-张三教练-科目二', null, '3240fc5c-8113-4997-a310-d82c66a861fe', '张三', 'de9581d9-d016-470b-9126-ae297b673e57', '科目二', '9f4d700e-54c4-4843-8ff0-3fcff6661682', '广州程通驾校', '27a7e11d-7329-410b-99f3-6333f24107a1', '市内分点', '2015-05-18 15:00:00', '2015-05-18 16:00:00', 'XW', '下午', '1', '2015-05-18 15:00:00', '2015-05-18 15:00:00', '3', '0', '3', 'BMZ', '报名中', '1', '1', '4', '24', '2015-05-15 19:10:19', '2015-05-15 19:10:19', null);
INSERT INTO `tb_roaster_jx` VALUES ('64048dbf-2db9-4e68-bbe7-b967e2f41c5f', '广州程通驾校-市内分点-陈辉教练-科目二', null, '003e98c0-4b35-4104-98c5-025c9c258e01', '陈辉', 'de9581d9-d016-470b-9126-ae297b673e57', '科目二', '9f4d700e-54c4-4843-8ff0-3fcff6661682', '广州程通驾校', '27a7e11d-7329-410b-99f3-6333f24107a1', '市内分点', '2015-05-18 15:00:00', '2015-05-18 16:00:00', 'XW', '下午', '1', '2015-05-18 15:00:00', '2015-05-18 15:00:00', '3', '0', '3', 'BMZ', '报名中', '1', '1', '4', '24', '2015-05-15 19:10:18', '2015-05-15 19:10:18', null);
INSERT INTO `tb_roaster_jx` VALUES ('6668151a-efb9-435b-8083-2a94907157f5', '广州程通驾校-市内分点-张三教练-科目二', null, '3240fc5c-8113-4997-a310-d82c66a861fe', '张三', 'de9581d9-d016-470b-9126-ae297b673e57', '科目二', '9f4d700e-54c4-4843-8ff0-3fcff6661682', '广州程通驾校', '27a7e11d-7329-410b-99f3-6333f24107a1', '市内分点', '2015-05-16 16:00:00', '2015-05-16 17:00:00', 'XW', '下午', '1', '2015-05-16 16:00:00', '2015-05-16 16:00:00', '3', '0', '3', 'BMZ', '报名中', '1', '1', '4', '24', '2015-05-15 19:10:19', '2015-05-15 19:10:19', null);
INSERT INTO `tb_roaster_jx` VALUES ('666daefd-48b1-4ed3-9586-9522153689e2', '广州程通驾校-市内分点-叶伟信教练-科目三', null, '918a9e6a-a516-4c85-be1f-7bcf9ba96518', '叶伟信', '351742ee-ebcc-40cc-b5fc-fb3a39131e14', '科目三', '9f4d700e-54c4-4843-8ff0-3fcff6661682', '广州程通驾校', '27a7e11d-7329-410b-99f3-6333f24107a1', '市内分点', '2015-05-16 10:00:00', '2015-05-16 11:00:00', 'SW', '上午', '1', '2015-05-16 10:00:00', '2015-05-16 10:00:00', '3', '0', '3', 'BMZ', '报名中', '1', '1', '4', '24', '2015-05-15 19:10:22', '2015-05-15 19:10:22', null);
INSERT INTO `tb_roaster_jx` VALUES ('66b8c66f-6f0d-460f-a0f5-1f2be4966f2e', '广州程通驾校-市内分点-陈辉教练-科目二', null, '003e98c0-4b35-4104-98c5-025c9c258e01', '陈辉', 'de9581d9-d016-470b-9126-ae297b673e57', '科目二', '9f4d700e-54c4-4843-8ff0-3fcff6661682', '广州程通驾校', '27a7e11d-7329-410b-99f3-6333f24107a1', '市内分点', '2015-05-17 11:00:00', '2015-05-17 12:00:00', 'SW', '上午', '1', '2015-05-17 11:00:00', '2015-05-17 11:00:00', '3', '0', '3', 'BMZ', '报名中', '1', '1', '4', '24', '2015-05-15 19:10:18', '2015-05-15 19:10:18', null);
INSERT INTO `tb_roaster_jx` VALUES ('672a8b0f-b4df-44e1-ae7e-3ff8237f10ba', '广州程通驾校-市内分点-叶伟强教练-科目三', null, '171bde61-88db-4ed1-b5f9-8e568f6df3c4', '叶伟强', '351742ee-ebcc-40cc-b5fc-fb3a39131e14', '科目三', '9f4d700e-54c4-4843-8ff0-3fcff6661682', '广州程通驾校', '27a7e11d-7329-410b-99f3-6333f24107a1', '市内分点', '2015-05-17 15:00:00', '2015-05-17 16:00:00', 'XW', '下午', '1', '2015-05-17 15:00:00', '2015-05-17 15:00:00', '3', '0', '3', 'BMZ', '报名中', '1', '1', '4', '24', '2015-05-15 19:10:18', '2015-05-15 19:10:18', null);
INSERT INTO `tb_roaster_jx` VALUES ('6746094e-8a66-49be-a7d4-62132f63354f', '广州程通驾校-海珠区-李四教练-科目二', null, '86b664d0-97ba-4e8e-9c67-910532ab9cc4', '李四', 'de9581d9-d016-470b-9126-ae297b673e57', '科目二', '9f4d700e-54c4-4843-8ff0-3fcff6661682', '广州程通驾校', '1e4904cb-4a40-4852-8127-5ae328b997b0', '海珠区', '2015-05-18 10:00:00', '2015-05-18 11:00:00', 'SW', '上午', '1', '2015-05-18 10:00:00', '2015-05-18 10:00:00', '3', '0', '3', 'BMZ', '报名中', '1', '1', '4', '24', '2015-05-15 19:10:21', '2015-05-15 19:10:21', null);
INSERT INTO `tb_roaster_jx` VALUES ('6796f50d-92b1-40c0-911b-9f74eca2a063', '广州程通驾校-市内分点-test2教练-科目二', null, 'bcece4af-0e95-400f-9125-ce68f24150c2', 'test2', 'de9581d9-d016-470b-9126-ae297b673e57', '科目二', '9f4d700e-54c4-4843-8ff0-3fcff6661682', '广州程通驾校', '27a7e11d-7329-410b-99f3-6333f24107a1', '市内分点', '2015-05-15 09:00:00', '2015-05-15 10:00:00', 'SW', '上午', '1', '2015-05-15 09:00:00', '2015-05-15 09:00:00', '3', '0', '3', 'BMZ', '报名中', '1', '1', '4', '24', '2015-05-15 19:10:22', '2015-05-15 19:10:22', null);
INSERT INTO `tb_roaster_jx` VALUES ('69860dfe-577b-48a5-809c-24f63576f18b', '广州程通驾校-市内分点-陈曦教练-科目二', null, '4a99e726-f6d2-48ac-9ed8-3ce35f438662', '陈曦', 'de9581d9-d016-470b-9126-ae297b673e57', '科目二', '9f4d700e-54c4-4843-8ff0-3fcff6661682', '广州程通驾校', '27a7e11d-7329-410b-99f3-6333f24107a1', '市内分点', '2015-05-17 14:00:00', '2015-05-17 15:00:00', 'XW', '下午', '1', '2015-05-17 14:00:00', '2015-05-17 14:00:00', '3', '0', '3', 'BMZ', '报名中', '1', '1', '4', '24', '2015-05-15 19:10:20', '2015-05-15 19:10:20', null);
INSERT INTO `tb_roaster_jx` VALUES ('69b56473-5e18-4bbd-84a1-0beb503699d7', '广州程通驾校-市内分点-胡金宝教练-科目三', null, '628210b6-c121-46c5-b845-fa6ec1526956', '胡金宝', '351742ee-ebcc-40cc-b5fc-fb3a39131e14', '科目三', '9f4d700e-54c4-4843-8ff0-3fcff6661682', '广州程通驾校', '27a7e11d-7329-410b-99f3-6333f24107a1', '市内分点', '2015-05-16 14:00:00', '2015-05-16 15:00:00', 'XW', '下午', '1', '2015-05-16 14:00:00', '2015-05-16 14:00:00', '3', '0', '3', 'BMZ', '报名中', '1', '1', '4', '24', '2015-05-15 19:10:20', '2015-05-15 19:10:20', null);
INSERT INTO `tb_roaster_jx` VALUES ('6a89910a-6bc2-4bda-9be0-36682877903e', '广州程通驾校-市内分点-陈曦教练-科目二', null, '4a99e726-f6d2-48ac-9ed8-3ce35f438662', '陈曦', 'de9581d9-d016-470b-9126-ae297b673e57', '科目二', '9f4d700e-54c4-4843-8ff0-3fcff6661682', '广州程通驾校', '27a7e11d-7329-410b-99f3-6333f24107a1', '市内分点', '2015-05-16 09:00:00', '2015-05-16 10:00:00', 'SW', '上午', '1', '2015-05-16 09:00:00', '2015-05-16 09:00:00', '3', '0', '3', 'BMZ', '报名中', '1', '1', '4', '24', '2015-05-15 19:10:20', '2015-05-15 19:10:20', null);
INSERT INTO `tb_roaster_jx` VALUES ('6b75390a-579e-45df-a921-3cee549041e8', '广州程通驾校-市内分点-张三教练-科目二', null, '3240fc5c-8113-4997-a310-d82c66a861fe', '张三', 'de9581d9-d016-470b-9126-ae297b673e57', '科目二', '9f4d700e-54c4-4843-8ff0-3fcff6661682', '广州程通驾校', '27a7e11d-7329-410b-99f3-6333f24107a1', '市内分点', '2015-05-15 09:00:00', '2015-05-15 10:00:00', 'SW', '上午', '1', '2015-05-15 09:00:00', '2015-05-15 09:00:00', '3', '0', '3', 'BMZ', '报名中', '1', '1', '4', '24', '2015-05-15 19:10:19', '2015-05-15 19:10:19', null);
INSERT INTO `tb_roaster_jx` VALUES ('6bc29e04-4748-45c2-9fdc-be40519a9928', '广州程通驾校-市内分点-李步喜教练-科目二', null, '6fdea2dd-a28d-429d-934b-658b900e900e', '李步喜', 'de9581d9-d016-470b-9126-ae297b673e57', '科目二', '9f4d700e-54c4-4843-8ff0-3fcff6661682', '广州程通驾校', '27a7e11d-7329-410b-99f3-6333f24107a1', '市内分点', '2015-05-16 08:00:00', '2015-05-16 09:00:00', 'SW', '上午', '1', '2015-05-16 08:00:00', '2015-05-16 08:00:00', '3', '0', '3', 'BMZ', '报名中', '1', '1', '4', '24', '2015-05-15 19:10:21', '2015-05-15 19:10:21', null);
INSERT INTO `tb_roaster_jx` VALUES ('6c0eb2ac-dc85-4dcc-8f25-e73d69137920', '广州程通驾校-海珠区-李四教练-科目二', null, '86b664d0-97ba-4e8e-9c67-910532ab9cc4', '李四', 'de9581d9-d016-470b-9126-ae297b673e57', '科目二', '9f4d700e-54c4-4843-8ff0-3fcff6661682', '广州程通驾校', '1e4904cb-4a40-4852-8127-5ae328b997b0', '海珠区', '2015-05-18 15:00:00', '2015-05-18 16:00:00', 'XW', '下午', '1', '2015-05-18 15:00:00', '2015-05-18 15:00:00', '3', '0', '3', 'BMZ', '报名中', '1', '1', '4', '24', '2015-05-15 19:10:21', '2015-05-15 19:10:21', null);
INSERT INTO `tb_roaster_jx` VALUES ('6ce37fef-3ca7-485b-a2a4-86ec9462c31e', '广州程通驾校-市内分点-叶伟信教练-科目三', null, '918a9e6a-a516-4c85-be1f-7bcf9ba96518', '叶伟信', '351742ee-ebcc-40cc-b5fc-fb3a39131e14', '科目三', '9f4d700e-54c4-4843-8ff0-3fcff6661682', '广州程通驾校', '27a7e11d-7329-410b-99f3-6333f24107a1', '市内分点', '2015-05-16 09:00:00', '2015-05-16 10:00:00', 'SW', '上午', '1', '2015-05-16 09:00:00', '2015-05-16 09:00:00', '3', '0', '3', 'BMZ', '报名中', '1', '1', '4', '24', '2015-05-15 19:10:22', '2015-05-15 19:10:22', null);
INSERT INTO `tb_roaster_jx` VALUES ('6d6a9c75-93b6-46ab-bf7b-dfdff60dde44', '广州程通驾校-市内分点-陈曦教练-科目二', null, '4a99e726-f6d2-48ac-9ed8-3ce35f438662', '陈曦', 'de9581d9-d016-470b-9126-ae297b673e57', '科目二', '9f4d700e-54c4-4843-8ff0-3fcff6661682', '广州程通驾校', '27a7e11d-7329-410b-99f3-6333f24107a1', '市内分点', '2015-05-15 15:00:00', '2015-05-15 16:00:00', 'XW', '下午', '1', '2015-05-15 15:00:00', '2015-05-15 15:00:00', '3', '0', '3', 'BMZ', '报名中', '1', '1', '4', '24', '2015-05-15 19:10:20', '2015-05-15 19:10:20', null);
INSERT INTO `tb_roaster_jx` VALUES ('6ef67eac-eea2-4530-8f93-0ec6c5fca747', '广州程通驾校-市内分点-李步喜教练-科目二', null, '6fdea2dd-a28d-429d-934b-658b900e900e', '李步喜', 'de9581d9-d016-470b-9126-ae297b673e57', '科目二', '9f4d700e-54c4-4843-8ff0-3fcff6661682', '广州程通驾校', '27a7e11d-7329-410b-99f3-6333f24107a1', '市内分点', '2015-05-16 15:00:00', '2015-05-16 16:00:00', 'XW', '下午', '1', '2015-05-16 15:00:00', '2015-05-16 15:00:00', '3', '0', '3', 'BMZ', '报名中', '1', '1', '4', '24', '2015-05-15 19:10:21', '2015-05-15 19:10:21', null);
INSERT INTO `tb_roaster_jx` VALUES ('733707d2-90f6-4992-bc1b-b223a3c34cb3', '广州程通驾校-市内分点-陈辉教练-科目二', null, '003e98c0-4b35-4104-98c5-025c9c258e01', '陈辉', 'de9581d9-d016-470b-9126-ae297b673e57', '科目二', '9f4d700e-54c4-4843-8ff0-3fcff6661682', '广州程通驾校', '27a7e11d-7329-410b-99f3-6333f24107a1', '市内分点', '2015-05-18 09:00:00', '2015-05-18 10:00:00', 'SW', '上午', '1', '2015-05-18 09:00:00', '2015-05-18 09:00:00', '3', '0', '2', 'BMZ', '报名中', '1', '1', '4', '24', '2015-05-15 19:10:18', '2015-05-15 19:10:18', null);
INSERT INTO `tb_roaster_jx` VALUES ('739c0a99-b9f9-4722-855d-296a8efc429d', '广州程通驾校-市内分点-张三教练-科目二', null, '3240fc5c-8113-4997-a310-d82c66a861fe', '张三', 'de9581d9-d016-470b-9126-ae297b673e57', '科目二', '9f4d700e-54c4-4843-8ff0-3fcff6661682', '广州程通驾校', '27a7e11d-7329-410b-99f3-6333f24107a1', '市内分点', '2015-05-16 11:00:00', '2015-05-16 12:00:00', 'SW', '上午', '1', '2015-05-16 11:00:00', '2015-05-16 11:00:00', '3', '0', '3', 'BMZ', '报名中', '1', '1', '4', '24', '2015-05-15 19:10:19', '2015-05-15 19:10:19', null);
INSERT INTO `tb_roaster_jx` VALUES ('74c6c07a-2dec-448a-af34-ad07f9313e61', '广州程通驾校-市内分点-叶伟信教练-科目三', null, '918a9e6a-a516-4c85-be1f-7bcf9ba96518', '叶伟信', '351742ee-ebcc-40cc-b5fc-fb3a39131e14', '科目三', '9f4d700e-54c4-4843-8ff0-3fcff6661682', '广州程通驾校', '27a7e11d-7329-410b-99f3-6333f24107a1', '市内分点', '2015-05-15 14:00:00', '2015-05-15 15:00:00', 'XW', '下午', '1', '2015-05-15 14:00:00', '2015-05-15 14:00:00', '3', '0', '3', 'BMZ', '报名中', '1', '1', '4', '24', '2015-05-15 19:10:22', '2015-05-15 19:10:22', null);
INSERT INTO `tb_roaster_jx` VALUES ('75875f01-ce54-47d7-a166-ab337f9997e7', '广州程通驾校-市内分点-胡金宝教练-科目三', null, '628210b6-c121-46c5-b845-fa6ec1526956', '胡金宝', '351742ee-ebcc-40cc-b5fc-fb3a39131e14', '科目三', '9f4d700e-54c4-4843-8ff0-3fcff6661682', '广州程通驾校', '27a7e11d-7329-410b-99f3-6333f24107a1', '市内分点', '2015-05-15 08:00:00', '2015-05-15 09:00:00', 'SW', '上午', '1', '2015-05-15 08:00:00', '2015-05-15 08:00:00', '3', '0', '3', 'BMZ', '报名中', '1', '1', '4', '24', '2015-05-15 19:10:20', '2015-05-15 19:10:20', null);
INSERT INTO `tb_roaster_jx` VALUES ('772c063c-6c61-4b1a-9f24-95555b482b41', '广州程通驾校-市内分点-李步喜教练-科目二', null, '6fdea2dd-a28d-429d-934b-658b900e900e', '李步喜', 'de9581d9-d016-470b-9126-ae297b673e57', '科目二', '9f4d700e-54c4-4843-8ff0-3fcff6661682', '广州程通驾校', '27a7e11d-7329-410b-99f3-6333f24107a1', '市内分点', '2015-05-15 14:00:00', '2015-05-15 15:00:00', 'XW', '下午', '1', '2015-05-15 14:00:00', '2015-05-15 14:00:00', '3', '0', '3', 'BMZ', '报名中', '1', '1', '4', '24', '2015-05-15 19:10:21', '2015-05-15 19:10:21', null);
INSERT INTO `tb_roaster_jx` VALUES ('779dbffa-dac3-4a1e-b38f-d1101c1a878c', '广州程通驾校-市内分点-test2教练-科目二', null, 'bcece4af-0e95-400f-9125-ce68f24150c2', 'test2', 'de9581d9-d016-470b-9126-ae297b673e57', '科目二', '9f4d700e-54c4-4843-8ff0-3fcff6661682', '广州程通驾校', '27a7e11d-7329-410b-99f3-6333f24107a1', '市内分点', '2015-05-16 08:00:00', '2015-05-16 09:00:00', 'SW', '上午', '1', '2015-05-16 08:00:00', '2015-05-16 08:00:00', '3', '0', '3', 'BMZ', '报名中', '1', '1', '4', '24', '2015-05-15 19:10:22', '2015-05-15 19:10:22', null);
INSERT INTO `tb_roaster_jx` VALUES ('77d6f32d-adf0-4e7a-8bc0-429e75f91728', '广州程通驾校-市内分点-叶伟信教练-科目三', null, '918a9e6a-a516-4c85-be1f-7bcf9ba96518', '叶伟信', '351742ee-ebcc-40cc-b5fc-fb3a39131e14', '科目三', '9f4d700e-54c4-4843-8ff0-3fcff6661682', '广州程通驾校', '27a7e11d-7329-410b-99f3-6333f24107a1', '市内分点', '2015-05-18 11:00:00', '2015-05-18 12:00:00', 'SW', '上午', '1', '2015-05-18 11:00:00', '2015-05-18 11:00:00', '3', '0', '3', 'BMZ', '报名中', '1', '1', '4', '24', '2015-05-15 19:10:22', '2015-05-15 19:10:22', null);
INSERT INTO `tb_roaster_jx` VALUES ('7a178fce-66a7-44b4-8ac2-0efa9d8091d7', '广州程通驾校-市内分点-刘卫群教练-科目三', null, 'dadfa69a-daf6-4db7-be4b-c615de7f87cd', '刘卫群', '351742ee-ebcc-40cc-b5fc-fb3a39131e14', '科目三', '9f4d700e-54c4-4843-8ff0-3fcff6661682', '广州程通驾校', '27a7e11d-7329-410b-99f3-6333f24107a1', '市内分点', '2015-05-18 08:00:00', '2015-05-18 09:00:00', 'SW', '上午', '1', '2015-05-18 08:00:00', '2015-05-18 08:00:00', '3', '0', '3', 'BMZ', '报名中', '1', '1', '4', '24', '2015-05-15 19:10:23', '2015-05-15 19:10:23', null);
INSERT INTO `tb_roaster_jx` VALUES ('7b2f0e7d-2842-4ad4-89e7-2b44b8506d49', '广州程通驾校-市内分点-胡金宝教练-科目三', null, '628210b6-c121-46c5-b845-fa6ec1526956', '胡金宝', '351742ee-ebcc-40cc-b5fc-fb3a39131e14', '科目三', '9f4d700e-54c4-4843-8ff0-3fcff6661682', '广州程通驾校', '27a7e11d-7329-410b-99f3-6333f24107a1', '市内分点', '2015-05-18 15:00:00', '2015-05-18 16:00:00', 'XW', '下午', '1', '2015-05-18 15:00:00', '2015-05-18 15:00:00', '3', '0', '3', 'BMZ', '报名中', '1', '1', '4', '24', '2015-05-15 19:10:20', '2015-05-15 19:10:20', null);
INSERT INTO `tb_roaster_jx` VALUES ('7bf01105-d2a5-42bb-bdb2-33e4e80365ee', '广州程通驾校-市内分点-test2教练-科目二', null, 'bcece4af-0e95-400f-9125-ce68f24150c2', 'test2', 'de9581d9-d016-470b-9126-ae297b673e57', '科目二', '9f4d700e-54c4-4843-8ff0-3fcff6661682', '广州程通驾校', '27a7e11d-7329-410b-99f3-6333f24107a1', '市内分点', '2015-05-17 09:00:00', '2015-05-17 10:00:00', 'SW', '上午', '1', '2015-05-17 09:00:00', '2015-05-17 09:00:00', '3', '0', '3', 'BMZ', '报名中', '1', '1', '4', '24', '2015-05-15 19:10:22', '2015-05-15 19:10:22', null);
INSERT INTO `tb_roaster_jx` VALUES ('7c815b1a-0d10-449e-899d-5bd3ba2b176e', '广州程通驾校-市内分点-叶伟信教练-科目三', null, '918a9e6a-a516-4c85-be1f-7bcf9ba96518', '叶伟信', '351742ee-ebcc-40cc-b5fc-fb3a39131e14', '科目三', '9f4d700e-54c4-4843-8ff0-3fcff6661682', '广州程通驾校', '27a7e11d-7329-410b-99f3-6333f24107a1', '市内分点', '2015-05-16 15:00:00', '2015-05-16 16:00:00', 'XW', '下午', '1', '2015-05-16 15:00:00', '2015-05-16 15:00:00', '3', '0', '3', 'BMZ', '报名中', '1', '1', '4', '24', '2015-05-15 19:10:22', '2015-05-15 19:10:22', null);
INSERT INTO `tb_roaster_jx` VALUES ('7d69b744-fa27-45b8-882a-2e78f3707cba', '广州程通驾校-海珠区-李四教练-科目二', null, '86b664d0-97ba-4e8e-9c67-910532ab9cc4', '李四', 'de9581d9-d016-470b-9126-ae297b673e57', '科目二', '9f4d700e-54c4-4843-8ff0-3fcff6661682', '广州程通驾校', '1e4904cb-4a40-4852-8127-5ae328b997b0', '海珠区', '2015-05-15 16:00:00', '2015-05-15 17:00:00', 'XW', '下午', '1', '2015-05-15 16:00:00', '2015-05-15 16:00:00', '3', '0', '3', 'BMZ', '报名中', '1', '1', '4', '24', '2015-05-15 19:10:21', '2015-05-15 19:10:21', null);
INSERT INTO `tb_roaster_jx` VALUES ('7df4c2e9-97f7-45ff-a95b-55c4ac03d628', '广州程通驾校-市内分点-叶伟强教练-科目三', null, '171bde61-88db-4ed1-b5f9-8e568f6df3c4', '叶伟强', '351742ee-ebcc-40cc-b5fc-fb3a39131e14', '科目三', '9f4d700e-54c4-4843-8ff0-3fcff6661682', '广州程通驾校', '27a7e11d-7329-410b-99f3-6333f24107a1', '市内分点', '2015-05-16 14:00:00', '2015-05-16 15:00:00', 'XW', '下午', '1', '2015-05-16 14:00:00', '2015-05-16 14:00:00', '3', '0', '3', 'BMZ', '报名中', '1', '1', '4', '24', '2015-05-15 19:10:18', '2015-05-15 19:10:18', null);
INSERT INTO `tb_roaster_jx` VALUES ('7df85033-6da3-4500-85a7-d34cc95ce201', '广州程通驾校-市内分点-test2教练-科目二', null, 'bcece4af-0e95-400f-9125-ce68f24150c2', 'test2', 'de9581d9-d016-470b-9126-ae297b673e57', '科目二', '9f4d700e-54c4-4843-8ff0-3fcff6661682', '广州程通驾校', '27a7e11d-7329-410b-99f3-6333f24107a1', '市内分点', '2015-05-16 17:00:00', '2015-05-16 18:00:00', 'XW', '下午', '1', '2015-05-16 17:00:00', '2015-05-16 17:00:00', '3', '0', '3', 'BMZ', '报名中', '1', '1', '4', '24', '2015-05-15 19:10:22', '2015-05-15 19:10:22', null);
INSERT INTO `tb_roaster_jx` VALUES ('7f59f376-9504-4e69-a8f6-5115a621d6db', '广州程通驾校-市内分点-胡金宝教练-科目三', null, '628210b6-c121-46c5-b845-fa6ec1526956', '胡金宝', '351742ee-ebcc-40cc-b5fc-fb3a39131e14', '科目三', '9f4d700e-54c4-4843-8ff0-3fcff6661682', '广州程通驾校', '27a7e11d-7329-410b-99f3-6333f24107a1', '市内分点', '2015-05-17 09:00:00', '2015-05-17 10:00:00', 'SW', '上午', '1', '2015-05-17 09:00:00', '2015-05-17 09:00:00', '3', '0', '3', 'BMZ', '报名中', '1', '1', '4', '24', '2015-05-15 19:10:20', '2015-05-15 19:10:20', null);
INSERT INTO `tb_roaster_jx` VALUES ('8069c409-d58f-47b9-b0fc-e3c56dc9000a', '广州程通驾校-市内分点-胡金宝教练-科目三', null, '628210b6-c121-46c5-b845-fa6ec1526956', '胡金宝', '351742ee-ebcc-40cc-b5fc-fb3a39131e14', '科目三', '9f4d700e-54c4-4843-8ff0-3fcff6661682', '广州程通驾校', '27a7e11d-7329-410b-99f3-6333f24107a1', '市内分点', '2015-05-16 11:00:00', '2015-05-16 12:00:00', 'SW', '上午', '1', '2015-05-16 11:00:00', '2015-05-16 11:00:00', '3', '0', '3', 'BMZ', '报名中', '1', '1', '4', '24', '2015-05-15 19:10:20', '2015-05-15 19:10:20', null);
INSERT INTO `tb_roaster_jx` VALUES ('816e7599-0590-4be3-a91d-4670b0ecd3b8', '广州程通驾校-市内分点-陈曦教练-科目二', null, '4a99e726-f6d2-48ac-9ed8-3ce35f438662', '陈曦', 'de9581d9-d016-470b-9126-ae297b673e57', '科目二', '9f4d700e-54c4-4843-8ff0-3fcff6661682', '广州程通驾校', '27a7e11d-7329-410b-99f3-6333f24107a1', '市内分点', '2015-05-16 16:00:00', '2015-05-16 17:00:00', 'XW', '下午', '1', '2015-05-16 16:00:00', '2015-05-16 16:00:00', '3', '0', '3', 'BMZ', '报名中', '1', '1', '4', '24', '2015-05-15 19:10:20', '2015-05-15 19:10:20', null);
INSERT INTO `tb_roaster_jx` VALUES ('816ed51a-7392-480a-83fa-1826b72f9cbd', '广州程通驾校-市内分点-李步喜教练-科目二', null, '6fdea2dd-a28d-429d-934b-658b900e900e', '李步喜', 'de9581d9-d016-470b-9126-ae297b673e57', '科目二', '9f4d700e-54c4-4843-8ff0-3fcff6661682', '广州程通驾校', '27a7e11d-7329-410b-99f3-6333f24107a1', '市内分点', '2015-05-16 14:00:00', '2015-05-16 15:00:00', 'XW', '下午', '1', '2015-05-16 14:00:00', '2015-05-16 14:00:00', '3', '0', '3', 'BMZ', '报名中', '1', '1', '4', '24', '2015-05-15 19:10:21', '2015-05-15 19:10:21', null);
INSERT INTO `tb_roaster_jx` VALUES ('8270a421-2674-4b90-b93b-a082dd740059', '广州程通驾校-市内分点-陈曦教练-科目二', null, '4a99e726-f6d2-48ac-9ed8-3ce35f438662', '陈曦', 'de9581d9-d016-470b-9126-ae297b673e57', '科目二', '9f4d700e-54c4-4843-8ff0-3fcff6661682', '广州程通驾校', '27a7e11d-7329-410b-99f3-6333f24107a1', '市内分点', '2015-05-17 08:00:00', '2015-05-17 09:00:00', 'SW', '上午', '1', '2015-05-17 08:00:00', '2015-05-17 08:00:00', '3', '0', '3', 'BMZ', '报名中', '1', '1', '4', '24', '2015-05-15 19:10:20', '2015-05-15 19:10:20', null);
INSERT INTO `tb_roaster_jx` VALUES ('83988e17-ea13-41e5-aba9-58bfb1aea2b4', '广州程通驾校-海珠区-李四教练-科目二', null, '86b664d0-97ba-4e8e-9c67-910532ab9cc4', '李四', 'de9581d9-d016-470b-9126-ae297b673e57', '科目二', '9f4d700e-54c4-4843-8ff0-3fcff6661682', '广州程通驾校', '1e4904cb-4a40-4852-8127-5ae328b997b0', '海珠区', '2015-05-16 08:00:00', '2015-05-16 09:00:00', 'SW', '上午', '1', '2015-05-16 08:00:00', '2015-05-16 08:00:00', '3', '0', '3', 'BMZ', '报名中', '1', '1', '4', '24', '2015-05-15 19:10:21', '2015-05-15 19:10:21', null);
INSERT INTO `tb_roaster_jx` VALUES ('84156450-7b0d-4df0-ae9f-fed4835f78e1', '广州程通驾校-市内分点-叶伟强教练-科目三', null, '171bde61-88db-4ed1-b5f9-8e568f6df3c4', '叶伟强', '351742ee-ebcc-40cc-b5fc-fb3a39131e14', '科目三', '9f4d700e-54c4-4843-8ff0-3fcff6661682', '广州程通驾校', '27a7e11d-7329-410b-99f3-6333f24107a1', '市内分点', '2015-05-15 09:00:00', '2015-05-15 10:00:00', 'SW', '上午', '1', '2015-05-15 09:00:00', '2015-05-15 09:00:00', '3', '0', '3', 'BMZ', '报名中', '1', '1', '4', '24', '2015-05-15 19:10:18', '2015-05-15 19:10:18', null);
INSERT INTO `tb_roaster_jx` VALUES ('8434d4c1-a0c8-4b04-a794-305ad91d0aa6', '广州程通驾校-市内分点-李步喜教练-科目二', null, '6fdea2dd-a28d-429d-934b-658b900e900e', '李步喜', 'de9581d9-d016-470b-9126-ae297b673e57', '科目二', '9f4d700e-54c4-4843-8ff0-3fcff6661682', '广州程通驾校', '27a7e11d-7329-410b-99f3-6333f24107a1', '市内分点', '2015-05-16 16:00:00', '2015-05-16 17:00:00', 'XW', '下午', '1', '2015-05-16 16:00:00', '2015-05-16 16:00:00', '3', '0', '3', 'BMZ', '报名中', '1', '1', '4', '24', '2015-05-15 19:10:21', '2015-05-15 19:10:21', null);
INSERT INTO `tb_roaster_jx` VALUES ('85b503dd-65cc-4614-a7aa-4db42a1ada90', '广州程通驾校-市内分点-胡金宝教练-科目三', null, '628210b6-c121-46c5-b845-fa6ec1526956', '胡金宝', '351742ee-ebcc-40cc-b5fc-fb3a39131e14', '科目三', '9f4d700e-54c4-4843-8ff0-3fcff6661682', '广州程通驾校', '27a7e11d-7329-410b-99f3-6333f24107a1', '市内分点', '2015-05-17 14:00:00', '2015-05-17 15:00:00', 'XW', '下午', '1', '2015-05-17 14:00:00', '2015-05-17 14:00:00', '3', '0', '3', 'BMZ', '报名中', '1', '1', '4', '24', '2015-05-15 19:10:20', '2015-05-15 19:10:20', null);
INSERT INTO `tb_roaster_jx` VALUES ('85ccca33-7c55-413b-a082-038a5215ccfb', '广州程通驾校-市内分点-叶伟强教练-科目三', null, '171bde61-88db-4ed1-b5f9-8e568f6df3c4', '叶伟强', '351742ee-ebcc-40cc-b5fc-fb3a39131e14', '科目三', '9f4d700e-54c4-4843-8ff0-3fcff6661682', '广州程通驾校', '27a7e11d-7329-410b-99f3-6333f24107a1', '市内分点', '2015-05-15 08:00:00', '2015-05-15 09:00:00', 'SW', '上午', '1', '2015-05-15 08:00:00', '2015-05-15 08:00:00', '3', '0', '3', 'BMZ', '报名中', '1', '1', '4', '24', '2015-05-15 19:10:18', '2015-05-15 19:10:18', null);
INSERT INTO `tb_roaster_jx` VALUES ('862c97fa-f835-4b02-b41b-42bc64407b20', '广州程通驾校-市内分点-陈曦教练-科目二', null, '4a99e726-f6d2-48ac-9ed8-3ce35f438662', '陈曦', 'de9581d9-d016-470b-9126-ae297b673e57', '科目二', '9f4d700e-54c4-4843-8ff0-3fcff6661682', '广州程通驾校', '27a7e11d-7329-410b-99f3-6333f24107a1', '市内分点', '2015-05-15 17:00:00', '2015-05-15 18:00:00', 'XW', '下午', '1', '2015-05-15 17:00:00', '2015-05-15 17:00:00', '3', '0', '3', 'BMZ', '报名中', '1', '1', '4', '24', '2015-05-15 19:10:20', '2015-05-15 19:10:20', null);
INSERT INTO `tb_roaster_jx` VALUES ('87b92ef6-4176-4c18-89b5-4543e528feeb', '广州程通驾校-市内分点-胡金宝教练-科目三', null, '628210b6-c121-46c5-b845-fa6ec1526956', '胡金宝', '351742ee-ebcc-40cc-b5fc-fb3a39131e14', '科目三', '9f4d700e-54c4-4843-8ff0-3fcff6661682', '广州程通驾校', '27a7e11d-7329-410b-99f3-6333f24107a1', '市内分点', '2015-05-16 08:00:00', '2015-05-16 09:00:00', 'SW', '上午', '1', '2015-05-16 08:00:00', '2015-05-16 08:00:00', '3', '0', '3', 'BMZ', '报名中', '1', '1', '4', '24', '2015-05-15 19:10:20', '2015-05-15 19:10:20', null);
INSERT INTO `tb_roaster_jx` VALUES ('8c200d88-262e-4749-a442-5a8d9c7583c1', '广州程通驾校-市内分点-李步喜教练-科目二', null, '6fdea2dd-a28d-429d-934b-658b900e900e', '李步喜', 'de9581d9-d016-470b-9126-ae297b673e57', '科目二', '9f4d700e-54c4-4843-8ff0-3fcff6661682', '广州程通驾校', '27a7e11d-7329-410b-99f3-6333f24107a1', '市内分点', '2015-05-17 09:00:00', '2015-05-17 10:00:00', 'SW', '上午', '1', '2015-05-17 09:00:00', '2015-05-17 09:00:00', '3', '0', '3', 'BMZ', '报名中', '1', '1', '4', '24', '2015-05-15 19:10:21', '2015-05-15 19:10:21', null);
INSERT INTO `tb_roaster_jx` VALUES ('8ca5cfc4-7f9f-444f-9adb-3347aafbf23a', '广州程通驾校-市内分点-叶伟信教练-科目三', null, '918a9e6a-a516-4c85-be1f-7bcf9ba96518', '叶伟信', '351742ee-ebcc-40cc-b5fc-fb3a39131e14', '科目三', '9f4d700e-54c4-4843-8ff0-3fcff6661682', '广州程通驾校', '27a7e11d-7329-410b-99f3-6333f24107a1', '市内分点', '2015-05-17 10:00:00', '2015-05-17 11:00:00', 'SW', '上午', '1', '2015-05-17 10:00:00', '2015-05-17 10:00:00', '3', '0', '3', 'BMZ', '报名中', '1', '1', '4', '24', '2015-05-15 19:10:22', '2015-05-15 19:10:22', null);
INSERT INTO `tb_roaster_jx` VALUES ('8d56b3c3-33b6-495d-8277-7b9ebc784515', '广州程通驾校-市内分点-叶伟强教练-科目三', null, '171bde61-88db-4ed1-b5f9-8e568f6df3c4', '叶伟强', '351742ee-ebcc-40cc-b5fc-fb3a39131e14', '科目三', '9f4d700e-54c4-4843-8ff0-3fcff6661682', '广州程通驾校', '27a7e11d-7329-410b-99f3-6333f24107a1', '市内分点', '2015-05-18 14:00:00', '2015-05-18 15:00:00', 'XW', '下午', '1', '2015-05-18 14:00:00', '2015-05-18 14:00:00', '3', '0', '3', 'BMZ', '报名中', '1', '1', '4', '24', '2015-05-15 19:10:18', '2015-05-15 19:10:18', null);
INSERT INTO `tb_roaster_jx` VALUES ('8d95a222-54ba-41d5-a140-ab1341b101cc', '广州程通驾校-市内分点-陈曦教练-科目二', null, '4a99e726-f6d2-48ac-9ed8-3ce35f438662', '陈曦', 'de9581d9-d016-470b-9126-ae297b673e57', '科目二', '9f4d700e-54c4-4843-8ff0-3fcff6661682', '广州程通驾校', '27a7e11d-7329-410b-99f3-6333f24107a1', '市内分点', '2015-05-18 17:00:00', '2015-05-18 18:00:00', 'XW', '下午', '1', '2015-05-18 17:00:00', '2015-05-18 17:00:00', '3', '0', '3', 'BMZ', '报名中', '1', '1', '4', '24', '2015-05-15 19:10:20', '2015-05-15 19:10:20', null);
INSERT INTO `tb_roaster_jx` VALUES ('8e4aef88-85b3-4ff0-b4fb-eb8a0c7d34ed', '广州程通驾校-市内分点-胡金宝教练-科目三', null, '628210b6-c121-46c5-b845-fa6ec1526956', '胡金宝', '351742ee-ebcc-40cc-b5fc-fb3a39131e14', '科目三', '9f4d700e-54c4-4843-8ff0-3fcff6661682', '广州程通驾校', '27a7e11d-7329-410b-99f3-6333f24107a1', '市内分点', '2015-05-16 10:00:00', '2015-05-16 11:00:00', 'SW', '上午', '1', '2015-05-16 10:00:00', '2015-05-16 10:00:00', '3', '0', '3', 'BMZ', '报名中', '1', '1', '4', '24', '2015-05-15 19:10:20', '2015-05-15 19:10:20', null);
INSERT INTO `tb_roaster_jx` VALUES ('8fdd6c39-7a42-44a0-963a-7ff59117cf51', '广州程通驾校-市内分点-刘卫群教练-科目三', null, 'dadfa69a-daf6-4db7-be4b-c615de7f87cd', '刘卫群', '351742ee-ebcc-40cc-b5fc-fb3a39131e14', '科目三', '9f4d700e-54c4-4843-8ff0-3fcff6661682', '广州程通驾校', '27a7e11d-7329-410b-99f3-6333f24107a1', '市内分点', '2015-05-18 15:00:00', '2015-05-18 16:00:00', 'XW', '下午', '1', '2015-05-18 15:00:00', '2015-05-18 15:00:00', '3', '0', '3', 'BMZ', '报名中', '1', '1', '4', '24', '2015-05-15 19:10:23', '2015-05-15 19:10:23', null);
INSERT INTO `tb_roaster_jx` VALUES ('92d05026-d605-406a-8c2a-268a3034ef18', '广州程通驾校-市内分点-test2教练-科目二', null, 'bcece4af-0e95-400f-9125-ce68f24150c2', 'test2', 'de9581d9-d016-470b-9126-ae297b673e57', '科目二', '9f4d700e-54c4-4843-8ff0-3fcff6661682', '广州程通驾校', '27a7e11d-7329-410b-99f3-6333f24107a1', '市内分点', '2015-05-15 08:00:00', '2015-05-15 09:00:00', 'SW', '上午', '1', '2015-05-15 08:00:00', '2015-05-15 08:00:00', '3', '0', '3', 'BMZ', '报名中', '1', '1', '4', '24', '2015-05-15 19:10:22', '2015-05-15 19:10:22', null);
INSERT INTO `tb_roaster_jx` VALUES ('93c6aba7-9e4c-4d57-8c28-ab9fcec7d571', '广州程通驾校-市内分点-刘卫群教练-科目三', null, 'dadfa69a-daf6-4db7-be4b-c615de7f87cd', '刘卫群', '351742ee-ebcc-40cc-b5fc-fb3a39131e14', '科目三', '9f4d700e-54c4-4843-8ff0-3fcff6661682', '广州程通驾校', '27a7e11d-7329-410b-99f3-6333f24107a1', '市内分点', '2015-05-16 08:00:00', '2015-05-16 09:00:00', 'SW', '上午', '1', '2015-05-16 08:00:00', '2015-05-16 08:00:00', '3', '0', '3', 'BMZ', '报名中', '1', '1', '4', '24', '2015-05-15 19:10:23', '2015-05-15 19:10:23', null);
INSERT INTO `tb_roaster_jx` VALUES ('952b0a02-e392-4bab-a838-311b2f0045cd', '广州程通驾校-市内分点-刘卫群教练-科目三', null, 'dadfa69a-daf6-4db7-be4b-c615de7f87cd', '刘卫群', '351742ee-ebcc-40cc-b5fc-fb3a39131e14', '科目三', '9f4d700e-54c4-4843-8ff0-3fcff6661682', '广州程通驾校', '27a7e11d-7329-410b-99f3-6333f24107a1', '市内分点', '2015-05-15 17:00:00', '2015-05-15 18:00:00', 'XW', '下午', '1', '2015-05-15 17:00:00', '2015-05-15 17:00:00', '3', '0', '3', 'BMZ', '报名中', '1', '1', '4', '24', '2015-05-15 19:10:23', '2015-05-15 19:10:23', null);
INSERT INTO `tb_roaster_jx` VALUES ('9586c7a0-15f8-419d-b3f8-f4840fa64c8b', '广州程通驾校-海珠区-李四教练-科目二', null, '86b664d0-97ba-4e8e-9c67-910532ab9cc4', '李四', 'de9581d9-d016-470b-9126-ae297b673e57', '科目二', '9f4d700e-54c4-4843-8ff0-3fcff6661682', '广州程通驾校', '1e4904cb-4a40-4852-8127-5ae328b997b0', '海珠区', '2015-05-18 08:00:00', '2015-05-18 09:00:00', 'SW', '上午', '1', '2015-05-18 08:00:00', '2015-05-18 08:00:00', '3', '0', '3', 'BMZ', '报名中', '1', '1', '4', '24', '2015-05-15 19:10:21', '2015-05-15 19:10:21', null);
INSERT INTO `tb_roaster_jx` VALUES ('96847d2c-8027-42e3-b26a-e4726df85185', '广州程通驾校-市内分点-陈曦教练-科目二', null, '4a99e726-f6d2-48ac-9ed8-3ce35f438662', '陈曦', 'de9581d9-d016-470b-9126-ae297b673e57', '科目二', '9f4d700e-54c4-4843-8ff0-3fcff6661682', '广州程通驾校', '27a7e11d-7329-410b-99f3-6333f24107a1', '市内分点', '2015-05-17 09:00:00', '2015-05-17 10:00:00', 'SW', '上午', '1', '2015-05-17 09:00:00', '2015-05-17 09:00:00', '3', '0', '3', 'BMZ', '报名中', '1', '1', '4', '24', '2015-05-15 19:10:20', '2015-05-15 19:10:20', null);
INSERT INTO `tb_roaster_jx` VALUES ('969344fc-e4b7-4188-84f2-a850195cd03d', '广州程通驾校-市内分点-test2教练-科目二', null, 'bcece4af-0e95-400f-9125-ce68f24150c2', 'test2', 'de9581d9-d016-470b-9126-ae297b673e57', '科目二', '9f4d700e-54c4-4843-8ff0-3fcff6661682', '广州程通驾校', '27a7e11d-7329-410b-99f3-6333f24107a1', '市内分点', '2015-05-17 10:00:00', '2015-05-17 11:00:00', 'SW', '上午', '1', '2015-05-17 10:00:00', '2015-05-17 10:00:00', '3', '0', '3', 'BMZ', '报名中', '1', '1', '4', '24', '2015-05-15 19:10:22', '2015-05-15 19:10:22', null);
INSERT INTO `tb_roaster_jx` VALUES ('979cb3da-e154-45ce-b010-221052903fe7', '广州程通驾校-市内分点-张三教练-科目二', null, '3240fc5c-8113-4997-a310-d82c66a861fe', '张三', 'de9581d9-d016-470b-9126-ae297b673e57', '科目二', '9f4d700e-54c4-4843-8ff0-3fcff6661682', '广州程通驾校', '27a7e11d-7329-410b-99f3-6333f24107a1', '市内分点', '2015-05-16 09:00:00', '2015-05-16 10:00:00', 'SW', '上午', '1', '2015-05-16 09:00:00', '2015-05-16 09:00:00', '3', '0', '3', 'BMZ', '报名中', '1', '1', '4', '24', '2015-05-15 19:10:19', '2015-05-15 19:10:19', null);
INSERT INTO `tb_roaster_jx` VALUES ('97ead8ac-dab7-4a51-9be3-64bd8277a7d7', '广州程通驾校-市内分点-陈曦教练-科目二', null, '4a99e726-f6d2-48ac-9ed8-3ce35f438662', '陈曦', 'de9581d9-d016-470b-9126-ae297b673e57', '科目二', '9f4d700e-54c4-4843-8ff0-3fcff6661682', '广州程通驾校', '27a7e11d-7329-410b-99f3-6333f24107a1', '市内分点', '2015-05-18 10:00:00', '2015-05-18 11:00:00', 'SW', '上午', '1', '2015-05-18 10:00:00', '2015-05-18 10:00:00', '3', '0', '3', 'BMZ', '报名中', '1', '1', '4', '24', '2015-05-15 19:10:20', '2015-05-15 19:10:20', null);
INSERT INTO `tb_roaster_jx` VALUES ('9b563e92-4f56-48fd-acd9-504cfd8a78f2', '广州程通驾校-海珠区-李四教练-科目二', null, '86b664d0-97ba-4e8e-9c67-910532ab9cc4', '李四', 'de9581d9-d016-470b-9126-ae297b673e57', '科目二', '9f4d700e-54c4-4843-8ff0-3fcff6661682', '广州程通驾校', '1e4904cb-4a40-4852-8127-5ae328b997b0', '海珠区', '2015-05-17 11:00:00', '2015-05-17 12:00:00', 'SW', '上午', '1', '2015-05-17 11:00:00', '2015-05-17 11:00:00', '3', '0', '3', 'BMZ', '报名中', '1', '1', '4', '24', '2015-05-15 19:10:21', '2015-05-15 19:10:21', null);
INSERT INTO `tb_roaster_jx` VALUES ('9b69f690-e931-4d1d-ae56-3b3bcceefa45', '广州程通驾校-市内分点-胡金宝教练-科目三', null, '628210b6-c121-46c5-b845-fa6ec1526956', '胡金宝', '351742ee-ebcc-40cc-b5fc-fb3a39131e14', '科目三', '9f4d700e-54c4-4843-8ff0-3fcff6661682', '广州程通驾校', '27a7e11d-7329-410b-99f3-6333f24107a1', '市内分点', '2015-05-17 11:00:00', '2015-05-17 12:00:00', 'SW', '上午', '1', '2015-05-17 11:00:00', '2015-05-17 11:00:00', '3', '0', '3', 'BMZ', '报名中', '1', '1', '4', '24', '2015-05-15 19:10:20', '2015-05-15 19:10:20', null);
INSERT INTO `tb_roaster_jx` VALUES ('9bf4aa8a-489e-4871-918b-de67ec74d91b', '广州程通驾校-市内分点-胡金宝教练-科目三', null, '628210b6-c121-46c5-b845-fa6ec1526956', '胡金宝', '351742ee-ebcc-40cc-b5fc-fb3a39131e14', '科目三', '9f4d700e-54c4-4843-8ff0-3fcff6661682', '广州程通驾校', '27a7e11d-7329-410b-99f3-6333f24107a1', '市内分点', '2015-05-18 16:00:00', '2015-05-18 17:00:00', 'XW', '下午', '1', '2015-05-18 16:00:00', '2015-05-18 16:00:00', '3', '0', '3', 'BMZ', '报名中', '1', '1', '4', '24', '2015-05-15 19:10:20', '2015-05-15 19:10:20', null);
INSERT INTO `tb_roaster_jx` VALUES ('9c7cfae8-436f-4239-bd22-87283ff77ef9', '广州程通驾校-市内分点-陈曦教练-科目二', null, '4a99e726-f6d2-48ac-9ed8-3ce35f438662', '陈曦', 'de9581d9-d016-470b-9126-ae297b673e57', '科目二', '9f4d700e-54c4-4843-8ff0-3fcff6661682', '广州程通驾校', '27a7e11d-7329-410b-99f3-6333f24107a1', '市内分点', '2015-05-16 17:00:00', '2015-05-16 18:00:00', 'XW', '下午', '1', '2015-05-16 17:00:00', '2015-05-16 17:00:00', '3', '0', '3', 'BMZ', '报名中', '1', '1', '4', '24', '2015-05-15 19:10:20', '2015-05-15 19:10:20', null);
INSERT INTO `tb_roaster_jx` VALUES ('9c9922ca-1eb2-4759-81a8-2e3cf14a7f65', '广州程通驾校-市内分点-叶伟信教练-科目三', null, '918a9e6a-a516-4c85-be1f-7bcf9ba96518', '叶伟信', '351742ee-ebcc-40cc-b5fc-fb3a39131e14', '科目三', '9f4d700e-54c4-4843-8ff0-3fcff6661682', '广州程通驾校', '27a7e11d-7329-410b-99f3-6333f24107a1', '市内分点', '2015-05-15 16:00:00', '2015-05-15 17:00:00', 'XW', '下午', '1', '2015-05-15 16:00:00', '2015-05-15 16:00:00', '3', '0', '3', 'BMZ', '报名中', '1', '1', '4', '24', '2015-05-15 19:10:22', '2015-05-15 19:10:22', null);
INSERT INTO `tb_roaster_jx` VALUES ('9d6f2a1c-b258-431a-a6bd-743074978dc3', '广州程通驾校-市内分点-陈辉教练-科目二', null, '003e98c0-4b35-4104-98c5-025c9c258e01', '陈辉', 'de9581d9-d016-470b-9126-ae297b673e57', '科目二', '9f4d700e-54c4-4843-8ff0-3fcff6661682', '广州程通驾校', '27a7e11d-7329-410b-99f3-6333f24107a1', '市内分点', '2015-05-18 14:00:00', '2015-05-18 15:00:00', 'XW', '下午', '1', '2015-05-18 14:00:00', '2015-05-18 14:00:00', '3', '0', '3', 'BMZ', '报名中', '1', '1', '4', '24', '2015-05-15 19:10:18', '2015-05-15 19:10:18', null);
INSERT INTO `tb_roaster_jx` VALUES ('9f086f81-691b-4539-b906-6db17e03b2fa', '广州程通驾校-市内分点-胡金宝教练-科目三', null, '628210b6-c121-46c5-b845-fa6ec1526956', '胡金宝', '351742ee-ebcc-40cc-b5fc-fb3a39131e14', '科目三', '9f4d700e-54c4-4843-8ff0-3fcff6661682', '广州程通驾校', '27a7e11d-7329-410b-99f3-6333f24107a1', '市内分点', '2015-05-15 09:00:00', '2015-05-15 10:00:00', 'SW', '上午', '1', '2015-05-15 09:00:00', '2015-05-15 09:00:00', '3', '0', '3', 'BMZ', '报名中', '1', '1', '4', '24', '2015-05-15 19:10:20', '2015-05-15 19:10:20', null);
INSERT INTO `tb_roaster_jx` VALUES ('a0711f2a-25fc-47c1-8d7f-1a7f442e3e2b', '广州程通驾校-海珠区-李四教练-科目二', null, '86b664d0-97ba-4e8e-9c67-910532ab9cc4', '李四', 'de9581d9-d016-470b-9126-ae297b673e57', '科目二', '9f4d700e-54c4-4843-8ff0-3fcff6661682', '广州程通驾校', '1e4904cb-4a40-4852-8127-5ae328b997b0', '海珠区', '2015-05-16 15:00:00', '2015-05-16 16:00:00', 'XW', '下午', '1', '2015-05-16 15:00:00', '2015-05-16 15:00:00', '3', '0', '3', 'BMZ', '报名中', '1', '1', '4', '24', '2015-05-15 19:10:21', '2015-05-15 19:10:21', null);
INSERT INTO `tb_roaster_jx` VALUES ('a2609747-4898-4803-b304-b466a16e9ead', '广州程通驾校-市内分点-李步喜教练-科目二', null, '6fdea2dd-a28d-429d-934b-658b900e900e', '李步喜', 'de9581d9-d016-470b-9126-ae297b673e57', '科目二', '9f4d700e-54c4-4843-8ff0-3fcff6661682', '广州程通驾校', '27a7e11d-7329-410b-99f3-6333f24107a1', '市内分点', '2015-05-18 08:00:00', '2015-05-18 09:00:00', 'SW', '上午', '1', '2015-05-18 08:00:00', '2015-05-18 08:00:00', '3', '0', '3', 'BMZ', '报名中', '1', '1', '4', '24', '2015-05-15 19:10:21', '2015-05-15 19:10:21', null);
INSERT INTO `tb_roaster_jx` VALUES ('a2fcc6df-2b54-4c8c-8704-ae02315ff6b5', '广州程通驾校-市内分点-李步喜教练-科目二', null, '6fdea2dd-a28d-429d-934b-658b900e900e', '李步喜', 'de9581d9-d016-470b-9126-ae297b673e57', '科目二', '9f4d700e-54c4-4843-8ff0-3fcff6661682', '广州程通驾校', '27a7e11d-7329-410b-99f3-6333f24107a1', '市内分点', '2015-05-18 10:00:00', '2015-05-18 11:00:00', 'SW', '上午', '1', '2015-05-18 10:00:00', '2015-05-18 10:00:00', '3', '0', '3', 'BMZ', '报名中', '1', '1', '4', '24', '2015-05-15 19:10:21', '2015-05-15 19:10:21', null);
INSERT INTO `tb_roaster_jx` VALUES ('a3e6fd86-76da-4de0-8833-e679249eec51', '广州程通驾校-市内分点-叶伟信教练-科目三', null, '918a9e6a-a516-4c85-be1f-7bcf9ba96518', '叶伟信', '351742ee-ebcc-40cc-b5fc-fb3a39131e14', '科目三', '9f4d700e-54c4-4843-8ff0-3fcff6661682', '广州程通驾校', '27a7e11d-7329-410b-99f3-6333f24107a1', '市内分点', '2015-05-18 14:00:00', '2015-05-18 15:00:00', 'XW', '下午', '1', '2015-05-18 14:00:00', '2015-05-18 14:00:00', '3', '0', '3', 'BMZ', '报名中', '1', '1', '4', '24', '2015-05-15 19:10:22', '2015-05-15 19:10:22', null);
INSERT INTO `tb_roaster_jx` VALUES ('a4846d19-4c06-4dba-bbec-ad037c2cbb5d', '广州程通驾校-市内分点-test2教练-科目二', null, 'bcece4af-0e95-400f-9125-ce68f24150c2', 'test2', 'de9581d9-d016-470b-9126-ae297b673e57', '科目二', '9f4d700e-54c4-4843-8ff0-3fcff6661682', '广州程通驾校', '27a7e11d-7329-410b-99f3-6333f24107a1', '市内分点', '2015-05-18 08:00:00', '2015-05-18 09:00:00', 'SW', '上午', '1', '2015-05-18 08:00:00', '2015-05-18 08:00:00', '3', '0', '3', 'BMZ', '报名中', '1', '1', '4', '24', '2015-05-15 19:10:22', '2015-05-15 19:10:22', null);
INSERT INTO `tb_roaster_jx` VALUES ('a7057bbb-7a18-4d9a-85d1-8d5057faa8b9', '广州程通驾校-市内分点-胡金宝教练-科目三', null, '628210b6-c121-46c5-b845-fa6ec1526956', '胡金宝', '351742ee-ebcc-40cc-b5fc-fb3a39131e14', '科目三', '9f4d700e-54c4-4843-8ff0-3fcff6661682', '广州程通驾校', '27a7e11d-7329-410b-99f3-6333f24107a1', '市内分点', '2015-05-18 11:00:00', '2015-05-18 12:00:00', 'SW', '上午', '1', '2015-05-18 11:00:00', '2015-05-18 11:00:00', '3', '0', '3', 'BMZ', '报名中', '1', '1', '4', '24', '2015-05-15 19:10:20', '2015-05-15 19:10:20', null);
INSERT INTO `tb_roaster_jx` VALUES ('a78d4879-d646-47fa-b324-831a828e670c', '广州程通驾校-海珠区-李四教练-科目二', null, '86b664d0-97ba-4e8e-9c67-910532ab9cc4', '李四', 'de9581d9-d016-470b-9126-ae297b673e57', '科目二', '9f4d700e-54c4-4843-8ff0-3fcff6661682', '广州程通驾校', '1e4904cb-4a40-4852-8127-5ae328b997b0', '海珠区', '2015-05-17 14:00:00', '2015-05-17 15:00:00', 'XW', '下午', '1', '2015-05-17 14:00:00', '2015-05-17 14:00:00', '3', '0', '3', 'BMZ', '报名中', '1', '1', '4', '24', '2015-05-15 19:10:21', '2015-05-15 19:10:21', null);
INSERT INTO `tb_roaster_jx` VALUES ('a7fda86b-c209-404a-9ebf-00974ddced48', '广州程通驾校-市内分点-test2教练-科目二', null, 'bcece4af-0e95-400f-9125-ce68f24150c2', 'test2', 'de9581d9-d016-470b-9126-ae297b673e57', '科目二', '9f4d700e-54c4-4843-8ff0-3fcff6661682', '广州程通驾校', '27a7e11d-7329-410b-99f3-6333f24107a1', '市内分点', '2015-05-16 11:00:00', '2015-05-16 12:00:00', 'SW', '上午', '1', '2015-05-16 11:00:00', '2015-05-16 11:00:00', '3', '0', '3', 'BMZ', '报名中', '1', '1', '4', '24', '2015-05-15 19:10:22', '2015-05-15 19:10:22', null);
INSERT INTO `tb_roaster_jx` VALUES ('a8155845-8c90-4f59-b58f-a88aad693a1e', '广州程通驾校-市内分点-刘卫群教练-科目三', null, 'dadfa69a-daf6-4db7-be4b-c615de7f87cd', '刘卫群', '351742ee-ebcc-40cc-b5fc-fb3a39131e14', '科目三', '9f4d700e-54c4-4843-8ff0-3fcff6661682', '广州程通驾校', '27a7e11d-7329-410b-99f3-6333f24107a1', '市内分点', '2015-05-15 16:00:00', '2015-05-15 17:00:00', 'XW', '下午', '1', '2015-05-15 16:00:00', '2015-05-15 16:00:00', '3', '0', '3', 'BMZ', '报名中', '1', '1', '4', '24', '2015-05-15 19:10:23', '2015-05-15 19:10:23', null);
INSERT INTO `tb_roaster_jx` VALUES ('a894e758-d920-4a8f-a041-8b071bf26855', '广州程通驾校-市内分点-叶伟信教练-科目三', null, '918a9e6a-a516-4c85-be1f-7bcf9ba96518', '叶伟信', '351742ee-ebcc-40cc-b5fc-fb3a39131e14', '科目三', '9f4d700e-54c4-4843-8ff0-3fcff6661682', '广州程通驾校', '27a7e11d-7329-410b-99f3-6333f24107a1', '市内分点', '2015-05-17 14:00:00', '2015-05-17 15:00:00', 'XW', '下午', '1', '2015-05-17 14:00:00', '2015-05-17 14:00:00', '3', '0', '3', 'BMZ', '报名中', '1', '1', '4', '24', '2015-05-15 19:10:22', '2015-05-15 19:10:22', null);
INSERT INTO `tb_roaster_jx` VALUES ('a914df0b-dee7-46cf-ac61-f40b047986bd', '广州程通驾校-市内分点-李步喜教练-科目二', null, '6fdea2dd-a28d-429d-934b-658b900e900e', '李步喜', 'de9581d9-d016-470b-9126-ae297b673e57', '科目二', '9f4d700e-54c4-4843-8ff0-3fcff6661682', '广州程通驾校', '27a7e11d-7329-410b-99f3-6333f24107a1', '市内分点', '2015-05-18 16:00:00', '2015-05-18 17:00:00', 'XW', '下午', '1', '2015-05-18 16:00:00', '2015-05-18 16:00:00', '3', '0', '3', 'BMZ', '报名中', '1', '1', '4', '24', '2015-05-15 19:10:21', '2015-05-15 19:10:21', null);
INSERT INTO `tb_roaster_jx` VALUES ('a935c5fb-1c40-488f-b10a-1511e0c2aae3', '广州程通驾校-市内分点-李步喜教练-科目二', null, '6fdea2dd-a28d-429d-934b-658b900e900e', '李步喜', 'de9581d9-d016-470b-9126-ae297b673e57', '科目二', '9f4d700e-54c4-4843-8ff0-3fcff6661682', '广州程通驾校', '27a7e11d-7329-410b-99f3-6333f24107a1', '市内分点', '2015-05-15 15:00:00', '2015-05-15 16:00:00', 'XW', '下午', '1', '2015-05-15 15:00:00', '2015-05-15 15:00:00', '3', '0', '3', 'BMZ', '报名中', '1', '1', '4', '24', '2015-05-15 19:10:21', '2015-05-15 19:10:21', null);
INSERT INTO `tb_roaster_jx` VALUES ('a95e29b7-24ab-4129-8ee8-4a18a8ab3bab', '广州程通驾校-海珠区-李四教练-科目二', null, '86b664d0-97ba-4e8e-9c67-910532ab9cc4', '李四', 'de9581d9-d016-470b-9126-ae297b673e57', '科目二', '9f4d700e-54c4-4843-8ff0-3fcff6661682', '广州程通驾校', '1e4904cb-4a40-4852-8127-5ae328b997b0', '海珠区', '2015-05-17 10:00:00', '2015-05-17 11:00:00', 'SW', '上午', '1', '2015-05-17 10:00:00', '2015-05-17 10:00:00', '3', '0', '3', 'BMZ', '报名中', '1', '1', '4', '24', '2015-05-15 19:10:21', '2015-05-15 19:10:21', null);
INSERT INTO `tb_roaster_jx` VALUES ('aac571c6-26ef-4930-a204-8309f259282f', '广州程通驾校-市内分点-叶伟信教练-科目三', null, '918a9e6a-a516-4c85-be1f-7bcf9ba96518', '叶伟信', '351742ee-ebcc-40cc-b5fc-fb3a39131e14', '科目三', '9f4d700e-54c4-4843-8ff0-3fcff6661682', '广州程通驾校', '27a7e11d-7329-410b-99f3-6333f24107a1', '市内分点', '2015-05-16 14:00:00', '2015-05-16 15:00:00', 'XW', '下午', '1', '2015-05-16 14:00:00', '2015-05-16 14:00:00', '3', '0', '3', 'BMZ', '报名中', '1', '1', '4', '24', '2015-05-15 19:10:22', '2015-05-15 19:10:22', null);
INSERT INTO `tb_roaster_jx` VALUES ('aad90681-cf31-47a1-ba00-a52a90de2119', '广州程通驾校-市内分点-刘卫群教练-科目三', null, 'dadfa69a-daf6-4db7-be4b-c615de7f87cd', '刘卫群', '351742ee-ebcc-40cc-b5fc-fb3a39131e14', '科目三', '9f4d700e-54c4-4843-8ff0-3fcff6661682', '广州程通驾校', '27a7e11d-7329-410b-99f3-6333f24107a1', '市内分点', '2015-05-16 14:00:00', '2015-05-16 15:00:00', 'XW', '下午', '1', '2015-05-16 14:00:00', '2015-05-16 14:00:00', '3', '0', '3', 'BMZ', '报名中', '1', '1', '4', '24', '2015-05-15 19:10:23', '2015-05-15 19:10:23', null);
INSERT INTO `tb_roaster_jx` VALUES ('aaea4549-2627-475a-ab07-ada1419baf06', '广州程通驾校-海珠区-李四教练-科目二', null, '86b664d0-97ba-4e8e-9c67-910532ab9cc4', '李四', 'de9581d9-d016-470b-9126-ae297b673e57', '科目二', '9f4d700e-54c4-4843-8ff0-3fcff6661682', '广州程通驾校', '1e4904cb-4a40-4852-8127-5ae328b997b0', '海珠区', '2015-05-18 17:00:00', '2015-05-18 18:00:00', 'XW', '下午', '1', '2015-05-18 17:00:00', '2015-05-18 17:00:00', '3', '0', '3', 'BMZ', '报名中', '1', '1', '4', '24', '2015-05-15 19:10:21', '2015-05-15 19:10:21', null);
INSERT INTO `tb_roaster_jx` VALUES ('ac29fcb2-1d26-446d-b08f-85f89384711b', '广州程通驾校-市内分点-叶伟信教练-科目三', null, '918a9e6a-a516-4c85-be1f-7bcf9ba96518', '叶伟信', '351742ee-ebcc-40cc-b5fc-fb3a39131e14', '科目三', '9f4d700e-54c4-4843-8ff0-3fcff6661682', '广州程通驾校', '27a7e11d-7329-410b-99f3-6333f24107a1', '市内分点', '2015-05-18 15:00:00', '2015-05-18 16:00:00', 'XW', '下午', '1', '2015-05-18 15:00:00', '2015-05-18 15:00:00', '3', '0', '3', 'BMZ', '报名中', '1', '1', '4', '24', '2015-05-15 19:10:22', '2015-05-15 19:10:22', null);
INSERT INTO `tb_roaster_jx` VALUES ('ad7af82f-63dc-4c85-b9e1-4752dd99b210', '广州程通驾校-市内分点-陈辉教练-科目二', null, '003e98c0-4b35-4104-98c5-025c9c258e01', '陈辉', 'de9581d9-d016-470b-9126-ae297b673e57', '科目二', '9f4d700e-54c4-4843-8ff0-3fcff6661682', '广州程通驾校', '27a7e11d-7329-410b-99f3-6333f24107a1', '市内分点', '2015-05-16 16:00:00', '2015-05-16 17:00:00', 'XW', '下午', '1', '2015-05-16 16:00:00', '2015-05-16 16:00:00', '3', '0', '3', 'BMZ', '报名中', '1', '1', '4', '24', '2015-05-15 19:10:18', '2015-05-15 19:10:18', null);
INSERT INTO `tb_roaster_jx` VALUES ('afdef61b-c255-46a3-9373-28a2db8b6699', '广州程通驾校-市内分点-test2教练-科目二', null, 'bcece4af-0e95-400f-9125-ce68f24150c2', 'test2', 'de9581d9-d016-470b-9126-ae297b673e57', '科目二', '9f4d700e-54c4-4843-8ff0-3fcff6661682', '广州程通驾校', '27a7e11d-7329-410b-99f3-6333f24107a1', '市内分点', '2015-05-18 10:00:00', '2015-05-18 11:00:00', 'SW', '上午', '1', '2015-05-18 10:00:00', '2015-05-18 10:00:00', '3', '0', '3', 'BMZ', '报名中', '1', '1', '4', '24', '2015-05-15 19:10:22', '2015-05-15 19:10:22', null);
INSERT INTO `tb_roaster_jx` VALUES ('b013bd3b-8c9f-4381-8c37-f8ce24d1b512', '广州程通驾校-市内分点-张三教练-科目二', null, '3240fc5c-8113-4997-a310-d82c66a861fe', '张三', 'de9581d9-d016-470b-9126-ae297b673e57', '科目二', '9f4d700e-54c4-4843-8ff0-3fcff6661682', '广州程通驾校', '27a7e11d-7329-410b-99f3-6333f24107a1', '市内分点', '2015-05-17 17:00:00', '2015-05-17 18:00:00', 'XW', '下午', '1', '2015-05-17 17:00:00', '2015-05-17 17:00:00', '3', '0', '3', 'BMZ', '报名中', '1', '1', '4', '24', '2015-05-15 19:10:19', '2015-05-15 19:10:19', null);
INSERT INTO `tb_roaster_jx` VALUES ('b0cb3d0e-16b3-44ba-b96f-013a2474c2f5', '广州程通驾校-市内分点-李步喜教练-科目二', null, '6fdea2dd-a28d-429d-934b-658b900e900e', '李步喜', 'de9581d9-d016-470b-9126-ae297b673e57', '科目二', '9f4d700e-54c4-4843-8ff0-3fcff6661682', '广州程通驾校', '27a7e11d-7329-410b-99f3-6333f24107a1', '市内分点', '2015-05-17 17:00:00', '2015-05-17 18:00:00', 'XW', '下午', '1', '2015-05-17 17:00:00', '2015-05-17 17:00:00', '3', '0', '3', 'BMZ', '报名中', '1', '1', '4', '24', '2015-05-15 19:10:21', '2015-05-15 19:10:21', null);
INSERT INTO `tb_roaster_jx` VALUES ('b186f37d-4c20-45d5-9b8d-8cc1ed78234d', '广州程通驾校-市内分点-胡金宝教练-科目三', null, '628210b6-c121-46c5-b845-fa6ec1526956', '胡金宝', '351742ee-ebcc-40cc-b5fc-fb3a39131e14', '科目三', '9f4d700e-54c4-4843-8ff0-3fcff6661682', '广州程通驾校', '27a7e11d-7329-410b-99f3-6333f24107a1', '市内分点', '2015-05-17 16:00:00', '2015-05-17 17:00:00', 'XW', '下午', '1', '2015-05-17 16:00:00', '2015-05-17 16:00:00', '3', '0', '3', 'BMZ', '报名中', '1', '1', '4', '24', '2015-05-15 19:10:20', '2015-05-15 19:10:20', null);
INSERT INTO `tb_roaster_jx` VALUES ('b45471ce-24fc-42f2-9c25-291aa9064f56', '广州程通驾校-市内分点-test2教练-科目二', null, 'bcece4af-0e95-400f-9125-ce68f24150c2', 'test2', 'de9581d9-d016-470b-9126-ae297b673e57', '科目二', '9f4d700e-54c4-4843-8ff0-3fcff6661682', '广州程通驾校', '27a7e11d-7329-410b-99f3-6333f24107a1', '市内分点', '2015-05-18 15:00:00', '2015-05-18 16:00:00', 'XW', '下午', '1', '2015-05-18 15:00:00', '2015-05-18 15:00:00', '3', '0', '3', 'BMZ', '报名中', '1', '1', '4', '24', '2015-05-15 19:10:22', '2015-05-15 19:10:22', null);
INSERT INTO `tb_roaster_jx` VALUES ('b47303ca-fae9-4c85-9897-bb30bb578380', '广州程通驾校-市内分点-叶伟强教练-科目三', null, '171bde61-88db-4ed1-b5f9-8e568f6df3c4', '叶伟强', '351742ee-ebcc-40cc-b5fc-fb3a39131e14', '科目三', '9f4d700e-54c4-4843-8ff0-3fcff6661682', '广州程通驾校', '27a7e11d-7329-410b-99f3-6333f24107a1', '市内分点', '2015-05-15 17:00:00', '2015-05-15 18:00:00', 'XW', '下午', '1', '2015-05-15 17:00:00', '2015-05-15 17:00:00', '3', '0', '3', 'BMZ', '报名中', '1', '1', '4', '24', '2015-05-15 19:10:18', '2015-05-15 19:10:18', null);
INSERT INTO `tb_roaster_jx` VALUES ('b554e579-c650-43ee-a2ee-91cf321ce5f7', '广州程通驾校-市内分点-陈曦教练-科目二', null, '4a99e726-f6d2-48ac-9ed8-3ce35f438662', '陈曦', 'de9581d9-d016-470b-9126-ae297b673e57', '科目二', '9f4d700e-54c4-4843-8ff0-3fcff6661682', '广州程通驾校', '27a7e11d-7329-410b-99f3-6333f24107a1', '市内分点', '2015-05-17 17:00:00', '2015-05-17 18:00:00', 'XW', '下午', '1', '2015-05-17 17:00:00', '2015-05-17 17:00:00', '3', '0', '3', 'BMZ', '报名中', '1', '1', '4', '24', '2015-05-15 19:10:20', '2015-05-15 19:10:20', null);
INSERT INTO `tb_roaster_jx` VALUES ('b57d9c9e-374e-434b-8641-1d90d36dfb73', '广州程通驾校-市内分点-叶伟强教练-科目三', null, '171bde61-88db-4ed1-b5f9-8e568f6df3c4', '叶伟强', '351742ee-ebcc-40cc-b5fc-fb3a39131e14', '科目三', '9f4d700e-54c4-4843-8ff0-3fcff6661682', '广州程通驾校', '27a7e11d-7329-410b-99f3-6333f24107a1', '市内分点', '2015-05-18 10:00:00', '2015-05-18 11:00:00', 'SW', '上午', '1', '2015-05-18 10:00:00', '2015-05-18 10:00:00', '3', '0', '3', 'BMZ', '报名中', '1', '1', '4', '24', '2015-05-15 19:10:18', '2015-05-15 19:10:18', null);
INSERT INTO `tb_roaster_jx` VALUES ('b72d4451-db91-404c-aefa-ea5e35b13456', '广州程通驾校-市内分点-陈曦教练-科目二', null, '4a99e726-f6d2-48ac-9ed8-3ce35f438662', '陈曦', 'de9581d9-d016-470b-9126-ae297b673e57', '科目二', '9f4d700e-54c4-4843-8ff0-3fcff6661682', '广州程通驾校', '27a7e11d-7329-410b-99f3-6333f24107a1', '市内分点', '2015-05-15 14:00:00', '2015-05-15 15:00:00', 'XW', '下午', '1', '2015-05-15 14:00:00', '2015-05-15 14:00:00', '3', '0', '3', 'BMZ', '报名中', '1', '1', '4', '24', '2015-05-15 19:10:20', '2015-05-15 19:10:20', null);
INSERT INTO `tb_roaster_jx` VALUES ('b90bfdfb-de58-431c-940a-1a8c01ec3ecb', '广州程通驾校-市内分点-叶伟信教练-科目三', null, '918a9e6a-a516-4c85-be1f-7bcf9ba96518', '叶伟信', '351742ee-ebcc-40cc-b5fc-fb3a39131e14', '科目三', '9f4d700e-54c4-4843-8ff0-3fcff6661682', '广州程通驾校', '27a7e11d-7329-410b-99f3-6333f24107a1', '市内分点', '2015-05-18 10:00:00', '2015-05-18 11:00:00', 'SW', '上午', '1', '2015-05-18 10:00:00', '2015-05-18 10:00:00', '3', '0', '3', 'BMZ', '报名中', '1', '1', '4', '24', '2015-05-15 19:10:22', '2015-05-15 19:10:22', null);
INSERT INTO `tb_roaster_jx` VALUES ('b93cac23-21b2-4b22-a2d9-1a51b06dc661', '广州程通驾校-海珠区-李四教练-科目二', null, '86b664d0-97ba-4e8e-9c67-910532ab9cc4', '李四', 'de9581d9-d016-470b-9126-ae297b673e57', '科目二', '9f4d700e-54c4-4843-8ff0-3fcff6661682', '广州程通驾校', '1e4904cb-4a40-4852-8127-5ae328b997b0', '海珠区', '2015-05-15 15:00:00', '2015-05-15 16:00:00', 'XW', '下午', '1', '2015-05-15 15:00:00', '2015-05-15 15:00:00', '3', '0', '3', 'BMZ', '报名中', '1', '1', '4', '24', '2015-05-15 19:10:21', '2015-05-15 19:10:21', null);
INSERT INTO `tb_roaster_jx` VALUES ('baa3180f-1b1f-44ec-9354-97ad356c9c24', '广州程通驾校-海珠区-李四教练-科目二', null, '86b664d0-97ba-4e8e-9c67-910532ab9cc4', '李四', 'de9581d9-d016-470b-9126-ae297b673e57', '科目二', '9f4d700e-54c4-4843-8ff0-3fcff6661682', '广州程通驾校', '1e4904cb-4a40-4852-8127-5ae328b997b0', '海珠区', '2015-05-15 10:00:00', '2015-05-15 11:00:00', 'SW', '上午', '1', '2015-05-15 10:00:00', '2015-05-15 10:00:00', '3', '0', '3', 'BMZ', '报名中', '1', '1', '4', '24', '2015-05-15 19:10:21', '2015-05-15 19:10:21', null);
INSERT INTO `tb_roaster_jx` VALUES ('bbb0ab7f-d4dc-4b74-9eb1-333ca11d287e', '广州程通驾校-市内分点-刘卫群教练-科目三', null, 'dadfa69a-daf6-4db7-be4b-c615de7f87cd', '刘卫群', '351742ee-ebcc-40cc-b5fc-fb3a39131e14', '科目三', '9f4d700e-54c4-4843-8ff0-3fcff6661682', '广州程通驾校', '27a7e11d-7329-410b-99f3-6333f24107a1', '市内分点', '2015-05-18 11:00:00', '2015-05-18 12:00:00', 'SW', '上午', '1', '2015-05-18 11:00:00', '2015-05-18 11:00:00', '3', '0', '3', 'BMZ', '报名中', '1', '1', '4', '24', '2015-05-15 19:10:23', '2015-05-15 19:10:23', null);
INSERT INTO `tb_roaster_jx` VALUES ('bc70fd5b-8baa-4cd0-b025-c490301b5620', '广州程通驾校-市内分点-李步喜教练-科目二', null, '6fdea2dd-a28d-429d-934b-658b900e900e', '李步喜', 'de9581d9-d016-470b-9126-ae297b673e57', '科目二', '9f4d700e-54c4-4843-8ff0-3fcff6661682', '广州程通驾校', '27a7e11d-7329-410b-99f3-6333f24107a1', '市内分点', '2015-05-15 16:00:00', '2015-05-15 17:00:00', 'XW', '下午', '1', '2015-05-15 16:00:00', '2015-05-15 16:00:00', '3', '0', '3', 'BMZ', '报名中', '1', '1', '4', '24', '2015-05-15 19:10:21', '2015-05-15 19:10:21', null);
INSERT INTO `tb_roaster_jx` VALUES ('bd03000a-9e38-496a-91a9-f2f2bb51b645', '广州程通驾校-市内分点-test2教练-科目二', null, 'bcece4af-0e95-400f-9125-ce68f24150c2', 'test2', 'de9581d9-d016-470b-9126-ae297b673e57', '科目二', '9f4d700e-54c4-4843-8ff0-3fcff6661682', '广州程通驾校', '27a7e11d-7329-410b-99f3-6333f24107a1', '市内分点', '2015-05-17 08:00:00', '2015-05-17 09:00:00', 'SW', '上午', '1', '2015-05-17 08:00:00', '2015-05-17 08:00:00', '3', '0', '3', 'BMZ', '报名中', '1', '1', '4', '24', '2015-05-15 19:10:22', '2015-05-15 19:10:22', null);
INSERT INTO `tb_roaster_jx` VALUES ('be0f43a9-dbd9-4ef1-9650-39103b22aed6', '广州程通驾校-海珠区-李四教练-科目二', null, '86b664d0-97ba-4e8e-9c67-910532ab9cc4', '李四', 'de9581d9-d016-470b-9126-ae297b673e57', '科目二', '9f4d700e-54c4-4843-8ff0-3fcff6661682', '广州程通驾校', '1e4904cb-4a40-4852-8127-5ae328b997b0', '海珠区', '2015-05-17 08:00:00', '2015-05-17 09:00:00', 'SW', '上午', '1', '2015-05-17 08:00:00', '2015-05-17 08:00:00', '3', '0', '3', 'BMZ', '报名中', '1', '1', '4', '24', '2015-05-15 19:10:21', '2015-05-15 19:10:21', null);
INSERT INTO `tb_roaster_jx` VALUES ('bf1e7a31-9a48-428f-b24c-ba733f975003', '广州程通驾校-海珠区-李四教练-科目二', null, '86b664d0-97ba-4e8e-9c67-910532ab9cc4', '李四', 'de9581d9-d016-470b-9126-ae297b673e57', '科目二', '9f4d700e-54c4-4843-8ff0-3fcff6661682', '广州程通驾校', '1e4904cb-4a40-4852-8127-5ae328b997b0', '海珠区', '2015-05-16 11:00:00', '2015-05-16 12:00:00', 'SW', '上午', '1', '2015-05-16 11:00:00', '2015-05-16 11:00:00', '3', '0', '3', 'BMZ', '报名中', '1', '1', '4', '24', '2015-05-15 19:10:21', '2015-05-15 19:10:21', null);
INSERT INTO `tb_roaster_jx` VALUES ('bf295c3e-84a9-4bc7-9ac5-e6c92d4c944f', '广州程通驾校-市内分点-张三教练-科目二', null, '3240fc5c-8113-4997-a310-d82c66a861fe', '张三', 'de9581d9-d016-470b-9126-ae297b673e57', '科目二', '9f4d700e-54c4-4843-8ff0-3fcff6661682', '广州程通驾校', '27a7e11d-7329-410b-99f3-6333f24107a1', '市内分点', '2015-05-18 10:00:00', '2015-05-18 11:00:00', 'SW', '上午', '1', '2015-05-18 10:00:00', '2015-05-18 10:00:00', '3', '0', '3', 'BMZ', '报名中', '1', '1', '4', '24', '2015-05-15 19:10:19', '2015-05-15 19:10:19', null);
INSERT INTO `tb_roaster_jx` VALUES ('c06d52b5-525e-41ec-97c4-d57e1da66b7a', '广州程通驾校-海珠区-李四教练-科目二', null, '86b664d0-97ba-4e8e-9c67-910532ab9cc4', '李四', 'de9581d9-d016-470b-9126-ae297b673e57', '科目二', '9f4d700e-54c4-4843-8ff0-3fcff6661682', '广州程通驾校', '1e4904cb-4a40-4852-8127-5ae328b997b0', '海珠区', '2015-05-18 16:00:00', '2015-05-18 17:00:00', 'XW', '下午', '1', '2015-05-18 16:00:00', '2015-05-18 16:00:00', '3', '0', '3', 'BMZ', '报名中', '1', '1', '4', '24', '2015-05-15 19:10:21', '2015-05-15 19:10:21', null);
INSERT INTO `tb_roaster_jx` VALUES ('c0854f87-fc85-46cb-86b5-1b4f218bc3c5', '广州程通驾校-市内分点-陈曦教练-科目二', null, '4a99e726-f6d2-48ac-9ed8-3ce35f438662', '陈曦', 'de9581d9-d016-470b-9126-ae297b673e57', '科目二', '9f4d700e-54c4-4843-8ff0-3fcff6661682', '广州程通驾校', '27a7e11d-7329-410b-99f3-6333f24107a1', '市内分点', '2015-05-17 16:00:00', '2015-05-17 17:00:00', 'XW', '下午', '1', '2015-05-17 16:00:00', '2015-05-17 16:00:00', '3', '0', '3', 'BMZ', '报名中', '1', '1', '4', '24', '2015-05-15 19:10:20', '2015-05-15 19:10:20', null);
INSERT INTO `tb_roaster_jx` VALUES ('c0b3c1e2-1a92-492d-99af-6c0d193e7ded', '广州程通驾校-市内分点-刘卫群教练-科目三', null, 'dadfa69a-daf6-4db7-be4b-c615de7f87cd', '刘卫群', '351742ee-ebcc-40cc-b5fc-fb3a39131e14', '科目三', '9f4d700e-54c4-4843-8ff0-3fcff6661682', '广州程通驾校', '27a7e11d-7329-410b-99f3-6333f24107a1', '市内分点', '2015-05-17 11:00:00', '2015-05-17 12:00:00', 'SW', '上午', '1', '2015-05-17 11:00:00', '2015-05-17 11:00:00', '3', '0', '3', 'BMZ', '报名中', '1', '1', '4', '24', '2015-05-15 19:10:23', '2015-05-15 19:10:23', null);
INSERT INTO `tb_roaster_jx` VALUES ('c27e1803-3964-4f02-9b90-e8808d6a2b7b', '广州程通驾校-市内分点-陈辉教练-科目二', null, '003e98c0-4b35-4104-98c5-025c9c258e01', '陈辉', 'de9581d9-d016-470b-9126-ae297b673e57', '科目二', '9f4d700e-54c4-4843-8ff0-3fcff6661682', '广州程通驾校', '27a7e11d-7329-410b-99f3-6333f24107a1', '市内分点', '2015-05-15 14:00:00', '2015-05-15 15:00:00', 'XW', '下午', '1', '2015-05-15 14:00:00', '2015-05-15 14:00:00', '3', '0', '3', 'BMZ', '报名中', '1', '1', '4', '24', '2015-05-15 19:10:18', '2015-05-15 19:10:18', null);
INSERT INTO `tb_roaster_jx` VALUES ('c4184f22-0f38-4db2-badf-d7b044eb546d', '广州程通驾校-市内分点-陈辉教练-科目二', null, '003e98c0-4b35-4104-98c5-025c9c258e01', '陈辉', 'de9581d9-d016-470b-9126-ae297b673e57', '科目二', '9f4d700e-54c4-4843-8ff0-3fcff6661682', '广州程通驾校', '27a7e11d-7329-410b-99f3-6333f24107a1', '市内分点', '2015-05-17 14:00:00', '2015-05-17 15:00:00', 'XW', '下午', '1', '2015-05-17 14:00:00', '2015-05-17 14:00:00', '3', '0', '3', 'BMZ', '报名中', '1', '1', '4', '24', '2015-05-15 19:10:18', '2015-05-15 19:10:18', null);
INSERT INTO `tb_roaster_jx` VALUES ('c6540481-adcf-4088-8cd3-d090b63b3d8f', '广州程通驾校-市内分点-胡金宝教练-科目三', null, '628210b6-c121-46c5-b845-fa6ec1526956', '胡金宝', '351742ee-ebcc-40cc-b5fc-fb3a39131e14', '科目三', '9f4d700e-54c4-4843-8ff0-3fcff6661682', '广州程通驾校', '27a7e11d-7329-410b-99f3-6333f24107a1', '市内分点', '2015-05-16 17:00:00', '2015-05-16 18:00:00', 'XW', '下午', '1', '2015-05-16 17:00:00', '2015-05-16 17:00:00', '3', '0', '3', 'BMZ', '报名中', '1', '1', '4', '24', '2015-05-15 19:10:20', '2015-05-15 19:10:20', null);
INSERT INTO `tb_roaster_jx` VALUES ('c68f37d4-c156-4c73-aa8e-d08fd128d45a', '广州程通驾校-市内分点-叶伟强教练-科目三', null, '171bde61-88db-4ed1-b5f9-8e568f6df3c4', '叶伟强', '351742ee-ebcc-40cc-b5fc-fb3a39131e14', '科目三', '9f4d700e-54c4-4843-8ff0-3fcff6661682', '广州程通驾校', '27a7e11d-7329-410b-99f3-6333f24107a1', '市内分点', '2015-05-16 08:00:00', '2015-05-16 09:00:00', 'SW', '上午', '1', '2015-05-16 08:00:00', '2015-05-16 08:00:00', '3', '0', '3', 'BMZ', '报名中', '1', '1', '4', '24', '2015-05-15 19:10:18', '2015-05-15 19:10:18', null);
INSERT INTO `tb_roaster_jx` VALUES ('c8d273e2-0c96-4368-a855-9bd614dad1f5', '广州程通驾校-市内分点-叶伟强教练-科目三', null, '171bde61-88db-4ed1-b5f9-8e568f6df3c4', '叶伟强', '351742ee-ebcc-40cc-b5fc-fb3a39131e14', '科目三', '9f4d700e-54c4-4843-8ff0-3fcff6661682', '广州程通驾校', '27a7e11d-7329-410b-99f3-6333f24107a1', '市内分点', '2015-05-15 10:00:00', '2015-05-15 11:00:00', 'SW', '上午', '1', '2015-05-15 10:00:00', '2015-05-15 10:00:00', '3', '0', '3', 'BMZ', '报名中', '1', '1', '4', '24', '2015-05-15 19:10:18', '2015-05-15 19:10:18', null);
INSERT INTO `tb_roaster_jx` VALUES ('c9ac2da7-bdb3-4569-aef9-bf949ac7c12a', '广州程通驾校-市内分点-陈曦教练-科目二', null, '4a99e726-f6d2-48ac-9ed8-3ce35f438662', '陈曦', 'de9581d9-d016-470b-9126-ae297b673e57', '科目二', '9f4d700e-54c4-4843-8ff0-3fcff6661682', '广州程通驾校', '27a7e11d-7329-410b-99f3-6333f24107a1', '市内分点', '2015-05-18 14:00:00', '2015-05-18 15:00:00', 'XW', '下午', '1', '2015-05-18 14:00:00', '2015-05-18 14:00:00', '3', '0', '3', 'BMZ', '报名中', '1', '1', '4', '24', '2015-05-15 19:10:20', '2015-05-15 19:10:20', null);
INSERT INTO `tb_roaster_jx` VALUES ('cb62a681-c2a2-4312-bcf1-04e71d2a60a6', '广州程通驾校-市内分点-陈曦教练-科目二', null, '4a99e726-f6d2-48ac-9ed8-3ce35f438662', '陈曦', 'de9581d9-d016-470b-9126-ae297b673e57', '科目二', '9f4d700e-54c4-4843-8ff0-3fcff6661682', '广州程通驾校', '27a7e11d-7329-410b-99f3-6333f24107a1', '市内分点', '2015-05-16 14:00:00', '2015-05-16 15:00:00', 'XW', '下午', '1', '2015-05-16 14:00:00', '2015-05-16 14:00:00', '3', '0', '3', 'BMZ', '报名中', '1', '1', '4', '24', '2015-05-15 19:10:20', '2015-05-15 19:10:20', null);
INSERT INTO `tb_roaster_jx` VALUES ('cbf4f086-1f3a-4778-8f95-cb6489e12139', '广州程通驾校-市内分点-叶伟强教练-科目三', null, '171bde61-88db-4ed1-b5f9-8e568f6df3c4', '叶伟强', '351742ee-ebcc-40cc-b5fc-fb3a39131e14', '科目三', '9f4d700e-54c4-4843-8ff0-3fcff6661682', '广州程通驾校', '27a7e11d-7329-410b-99f3-6333f24107a1', '市内分点', '2015-05-15 16:00:00', '2015-05-15 17:00:00', 'XW', '下午', '1', '2015-05-15 16:00:00', '2015-05-15 16:00:00', '3', '0', '3', 'BMZ', '报名中', '1', '1', '4', '24', '2015-05-15 19:10:18', '2015-05-15 19:10:18', null);
INSERT INTO `tb_roaster_jx` VALUES ('cd16a864-d701-4918-836e-cdb91332228f', '广州程通驾校-市内分点-陈曦教练-科目二', null, '4a99e726-f6d2-48ac-9ed8-3ce35f438662', '陈曦', 'de9581d9-d016-470b-9126-ae297b673e57', '科目二', '9f4d700e-54c4-4843-8ff0-3fcff6661682', '广州程通驾校', '27a7e11d-7329-410b-99f3-6333f24107a1', '市内分点', '2015-05-15 08:00:00', '2015-05-15 09:00:00', 'SW', '上午', '1', '2015-05-15 08:00:00', '2015-05-15 08:00:00', '3', '0', '3', 'BMZ', '报名中', '1', '1', '4', '24', '2015-05-15 19:10:20', '2015-05-15 19:10:20', null);
INSERT INTO `tb_roaster_jx` VALUES ('ce6a4fa4-7b4b-4b58-8a8c-d2c486524afd', '广州程通驾校-市内分点-刘卫群教练-科目三', null, 'dadfa69a-daf6-4db7-be4b-c615de7f87cd', '刘卫群', '351742ee-ebcc-40cc-b5fc-fb3a39131e14', '科目三', '9f4d700e-54c4-4843-8ff0-3fcff6661682', '广州程通驾校', '27a7e11d-7329-410b-99f3-6333f24107a1', '市内分点', '2015-05-18 09:00:00', '2015-05-18 10:00:00', 'SW', '上午', '1', '2015-05-18 09:00:00', '2015-05-18 09:00:00', '3', '0', '3', 'BMZ', '报名中', '1', '1', '4', '24', '2015-05-15 19:10:23', '2015-05-15 19:10:23', null);
INSERT INTO `tb_roaster_jx` VALUES ('ce8e78f9-8537-4f6a-9625-35a6df5e7884', '广州程通驾校-市内分点-刘卫群教练-科目三', null, 'dadfa69a-daf6-4db7-be4b-c615de7f87cd', '刘卫群', '351742ee-ebcc-40cc-b5fc-fb3a39131e14', '科目三', '9f4d700e-54c4-4843-8ff0-3fcff6661682', '广州程通驾校', '27a7e11d-7329-410b-99f3-6333f24107a1', '市内分点', '2015-05-16 11:00:00', '2015-05-16 12:00:00', 'SW', '上午', '1', '2015-05-16 11:00:00', '2015-05-16 11:00:00', '3', '0', '3', 'BMZ', '报名中', '1', '1', '4', '24', '2015-05-15 19:10:23', '2015-05-15 19:10:23', null);
INSERT INTO `tb_roaster_jx` VALUES ('cead95d3-f4d9-43cc-ab06-44dfe377a037', '广州程通驾校-海珠区-李四教练-科目二', null, '86b664d0-97ba-4e8e-9c67-910532ab9cc4', '李四', 'de9581d9-d016-470b-9126-ae297b673e57', '科目二', '9f4d700e-54c4-4843-8ff0-3fcff6661682', '广州程通驾校', '1e4904cb-4a40-4852-8127-5ae328b997b0', '海珠区', '2015-05-18 11:00:00', '2015-05-18 12:00:00', 'SW', '上午', '1', '2015-05-18 11:00:00', '2015-05-18 11:00:00', '3', '0', '3', 'BMZ', '报名中', '1', '1', '4', '24', '2015-05-15 19:10:21', '2015-05-15 19:10:21', null);
INSERT INTO `tb_roaster_jx` VALUES ('d0d43d33-f035-44ed-9dfc-0506d92365fc', '广州程通驾校-市内分点-陈辉教练-科目二', null, '003e98c0-4b35-4104-98c5-025c9c258e01', '陈辉', 'de9581d9-d016-470b-9126-ae297b673e57', '科目二', '9f4d700e-54c4-4843-8ff0-3fcff6661682', '广州程通驾校', '27a7e11d-7329-410b-99f3-6333f24107a1', '市内分点', '2015-05-18 08:00:00', '2015-05-18 09:00:00', 'SW', '上午', '1', '2015-05-18 08:00:00', '2015-05-18 08:00:00', '3', '0', '2', 'BMZ', '报名中', '1', '1', '4', '24', '2015-05-15 19:10:18', '2015-05-15 19:10:18', null);
INSERT INTO `tb_roaster_jx` VALUES ('d1b1d989-f60e-412d-889d-45253f82536c', '广州程通驾校-市内分点-刘卫群教练-科目三', null, 'dadfa69a-daf6-4db7-be4b-c615de7f87cd', '刘卫群', '351742ee-ebcc-40cc-b5fc-fb3a39131e14', '科目三', '9f4d700e-54c4-4843-8ff0-3fcff6661682', '广州程通驾校', '27a7e11d-7329-410b-99f3-6333f24107a1', '市内分点', '2015-05-16 16:00:00', '2015-05-16 17:00:00', 'XW', '下午', '1', '2015-05-16 16:00:00', '2015-05-16 16:00:00', '3', '0', '3', 'BMZ', '报名中', '1', '1', '4', '24', '2015-05-15 19:10:23', '2015-05-15 19:10:23', null);
INSERT INTO `tb_roaster_jx` VALUES ('d38d724b-1b2f-4eb7-8403-6a42bbdeae97', '广州程通驾校-市内分点-刘卫群教练-科目三', null, 'dadfa69a-daf6-4db7-be4b-c615de7f87cd', '刘卫群', '351742ee-ebcc-40cc-b5fc-fb3a39131e14', '科目三', '9f4d700e-54c4-4843-8ff0-3fcff6661682', '广州程通驾校', '27a7e11d-7329-410b-99f3-6333f24107a1', '市内分点', '2015-05-17 17:00:00', '2015-05-17 18:00:00', 'XW', '下午', '1', '2015-05-17 17:00:00', '2015-05-17 17:00:00', '3', '0', '3', 'BMZ', '报名中', '1', '1', '4', '24', '2015-05-15 19:10:23', '2015-05-15 19:10:23', null);
INSERT INTO `tb_roaster_jx` VALUES ('d38f1430-e539-4679-bc2a-a2200c6c4bab', '广州程通驾校-海珠区-李四教练-科目二', null, '86b664d0-97ba-4e8e-9c67-910532ab9cc4', '李四', 'de9581d9-d016-470b-9126-ae297b673e57', '科目二', '9f4d700e-54c4-4843-8ff0-3fcff6661682', '广州程通驾校', '1e4904cb-4a40-4852-8127-5ae328b997b0', '海珠区', '2015-05-15 14:00:00', '2015-05-15 15:00:00', 'XW', '下午', '1', '2015-05-15 14:00:00', '2015-05-15 14:00:00', '3', '0', '3', 'BMZ', '报名中', '1', '1', '4', '24', '2015-05-15 19:10:21', '2015-05-15 19:10:21', null);
INSERT INTO `tb_roaster_jx` VALUES ('d4d36eea-723e-4d72-94a1-51a4ed37cae4', '广州程通驾校-市内分点-叶伟信教练-科目三', null, '918a9e6a-a516-4c85-be1f-7bcf9ba96518', '叶伟信', '351742ee-ebcc-40cc-b5fc-fb3a39131e14', '科目三', '9f4d700e-54c4-4843-8ff0-3fcff6661682', '广州程通驾校', '27a7e11d-7329-410b-99f3-6333f24107a1', '市内分点', '2015-05-17 17:00:00', '2015-05-17 18:00:00', 'XW', '下午', '1', '2015-05-17 17:00:00', '2015-05-17 17:00:00', '3', '0', '3', 'BMZ', '报名中', '1', '1', '4', '24', '2015-05-15 19:10:22', '2015-05-15 19:10:22', null);
INSERT INTO `tb_roaster_jx` VALUES ('d5706869-ad50-4e32-8f0d-0e97f8677e1f', '广州程通驾校-市内分点-陈曦教练-科目二', null, '4a99e726-f6d2-48ac-9ed8-3ce35f438662', '陈曦', 'de9581d9-d016-470b-9126-ae297b673e57', '科目二', '9f4d700e-54c4-4843-8ff0-3fcff6661682', '广州程通驾校', '27a7e11d-7329-410b-99f3-6333f24107a1', '市内分点', '2015-05-18 15:00:00', '2015-05-18 16:00:00', 'XW', '下午', '1', '2015-05-18 15:00:00', '2015-05-18 15:00:00', '3', '0', '3', 'BMZ', '报名中', '1', '1', '4', '24', '2015-05-15 19:10:20', '2015-05-15 19:10:20', null);
INSERT INTO `tb_roaster_jx` VALUES ('d60b9fe4-2e32-41a2-ae1a-fac8d4679a94', '广州程通驾校-市内分点-陈辉教练-科目二', null, '003e98c0-4b35-4104-98c5-025c9c258e01', '陈辉', 'de9581d9-d016-470b-9126-ae297b673e57', '科目二', '9f4d700e-54c4-4843-8ff0-3fcff6661682', '广州程通驾校', '27a7e11d-7329-410b-99f3-6333f24107a1', '市内分点', '2015-05-15 08:00:00', '2015-05-15 09:00:00', 'SW', '上午', '1', '2015-05-15 08:00:00', '2015-05-15 08:00:00', '3', '0', '3', 'BMZ', '报名中', '1', '1', '4', '24', '2015-05-15 19:10:18', '2015-05-15 19:10:18', null);
INSERT INTO `tb_roaster_jx` VALUES ('d74b9a36-1813-4fe2-9b4f-55714849ce85', '广州程通驾校-市内分点-刘卫群教练-科目三', null, 'dadfa69a-daf6-4db7-be4b-c615de7f87cd', '刘卫群', '351742ee-ebcc-40cc-b5fc-fb3a39131e14', '科目三', '9f4d700e-54c4-4843-8ff0-3fcff6661682', '广州程通驾校', '27a7e11d-7329-410b-99f3-6333f24107a1', '市内分点', '2015-05-16 10:00:00', '2015-05-16 11:00:00', 'SW', '上午', '1', '2015-05-16 10:00:00', '2015-05-16 10:00:00', '3', '0', '3', 'BMZ', '报名中', '1', '1', '4', '24', '2015-05-15 19:10:23', '2015-05-15 19:10:23', null);
INSERT INTO `tb_roaster_jx` VALUES ('d88e8795-7762-47ee-aa5b-7263a775b31b', '广州程通驾校-市内分点-叶伟信教练-科目三', null, '918a9e6a-a516-4c85-be1f-7bcf9ba96518', '叶伟信', '351742ee-ebcc-40cc-b5fc-fb3a39131e14', '科目三', '9f4d700e-54c4-4843-8ff0-3fcff6661682', '广州程通驾校', '27a7e11d-7329-410b-99f3-6333f24107a1', '市内分点', '2015-05-18 17:00:00', '2015-05-18 18:00:00', 'XW', '下午', '1', '2015-05-18 17:00:00', '2015-05-18 17:00:00', '3', '0', '3', 'BMZ', '报名中', '1', '1', '4', '24', '2015-05-15 19:10:22', '2015-05-15 19:10:22', null);
INSERT INTO `tb_roaster_jx` VALUES ('d96b72bb-50b3-48d8-8eb7-8a2677dd3d0d', '广州程通驾校-市内分点-李步喜教练-科目二', null, '6fdea2dd-a28d-429d-934b-658b900e900e', '李步喜', 'de9581d9-d016-470b-9126-ae297b673e57', '科目二', '9f4d700e-54c4-4843-8ff0-3fcff6661682', '广州程通驾校', '27a7e11d-7329-410b-99f3-6333f24107a1', '市内分点', '2015-05-17 11:00:00', '2015-05-17 12:00:00', 'SW', '上午', '1', '2015-05-17 11:00:00', '2015-05-17 11:00:00', '3', '0', '3', 'BMZ', '报名中', '1', '1', '4', '24', '2015-05-15 19:10:21', '2015-05-15 19:10:21', null);
INSERT INTO `tb_roaster_jx` VALUES ('da24bf51-8ec3-4c7f-a092-03f7726dc045', '广州程通驾校-市内分点-test2教练-科目二', null, 'bcece4af-0e95-400f-9125-ce68f24150c2', 'test2', 'de9581d9-d016-470b-9126-ae297b673e57', '科目二', '9f4d700e-54c4-4843-8ff0-3fcff6661682', '广州程通驾校', '27a7e11d-7329-410b-99f3-6333f24107a1', '市内分点', '2015-05-17 15:00:00', '2015-05-17 16:00:00', 'XW', '下午', '1', '2015-05-17 15:00:00', '2015-05-17 15:00:00', '3', '0', '3', 'BMZ', '报名中', '1', '1', '4', '24', '2015-05-15 19:10:22', '2015-05-15 19:10:22', null);
INSERT INTO `tb_roaster_jx` VALUES ('da6c93a4-8e0b-4dd0-bfe7-15b9db8d43a0', '广州程通驾校-市内分点-张三教练-科目二', null, '3240fc5c-8113-4997-a310-d82c66a861fe', '张三', 'de9581d9-d016-470b-9126-ae297b673e57', '科目二', '9f4d700e-54c4-4843-8ff0-3fcff6661682', '广州程通驾校', '27a7e11d-7329-410b-99f3-6333f24107a1', '市内分点', '2015-05-18 16:00:00', '2015-05-18 17:00:00', 'XW', '下午', '1', '2015-05-18 16:00:00', '2015-05-18 16:00:00', '3', '0', '3', 'BMZ', '报名中', '1', '1', '4', '24', '2015-05-15 19:10:19', '2015-05-15 19:10:19', null);
INSERT INTO `tb_roaster_jx` VALUES ('db995869-9e90-47aa-9a8b-750c88c4dd93', '广州程通驾校-市内分点-胡金宝教练-科目三', null, '628210b6-c121-46c5-b845-fa6ec1526956', '胡金宝', '351742ee-ebcc-40cc-b5fc-fb3a39131e14', '科目三', '9f4d700e-54c4-4843-8ff0-3fcff6661682', '广州程通驾校', '27a7e11d-7329-410b-99f3-6333f24107a1', '市内分点', '2015-05-16 09:00:00', '2015-05-16 10:00:00', 'SW', '上午', '1', '2015-05-16 09:00:00', '2015-05-16 09:00:00', '3', '0', '3', 'BMZ', '报名中', '1', '1', '4', '24', '2015-05-15 19:10:20', '2015-05-15 19:10:20', null);
INSERT INTO `tb_roaster_jx` VALUES ('dbc921c9-a683-41a5-996d-5266671268d6', '广州程通驾校-市内分点-叶伟强教练-科目三', null, '171bde61-88db-4ed1-b5f9-8e568f6df3c4', '叶伟强', '351742ee-ebcc-40cc-b5fc-fb3a39131e14', '科目三', '9f4d700e-54c4-4843-8ff0-3fcff6661682', '广州程通驾校', '27a7e11d-7329-410b-99f3-6333f24107a1', '市内分点', '2015-05-17 09:00:00', '2015-05-17 10:00:00', 'SW', '上午', '1', '2015-05-17 09:00:00', '2015-05-17 09:00:00', '3', '0', '3', 'BMZ', '报名中', '1', '1', '4', '24', '2015-05-15 19:10:18', '2015-05-15 19:10:18', null);
INSERT INTO `tb_roaster_jx` VALUES ('dbf7ee71-eb3b-4a28-b6cc-b336a4f76033', '广州程通驾校-市内分点-刘卫群教练-科目三', null, 'dadfa69a-daf6-4db7-be4b-c615de7f87cd', '刘卫群', '351742ee-ebcc-40cc-b5fc-fb3a39131e14', '科目三', '9f4d700e-54c4-4843-8ff0-3fcff6661682', '广州程通驾校', '27a7e11d-7329-410b-99f3-6333f24107a1', '市内分点', '2015-05-15 10:00:00', '2015-05-15 11:00:00', 'SW', '上午', '1', '2015-05-15 10:00:00', '2015-05-15 10:00:00', '3', '0', '3', 'BMZ', '报名中', '1', '1', '4', '24', '2015-05-15 19:10:23', '2015-05-15 19:10:23', null);
INSERT INTO `tb_roaster_jx` VALUES ('dc1affbb-7164-4be8-8a7a-d697726cca1a', '广州程通驾校-市内分点-李步喜教练-科目二', null, '6fdea2dd-a28d-429d-934b-658b900e900e', '李步喜', 'de9581d9-d016-470b-9126-ae297b673e57', '科目二', '9f4d700e-54c4-4843-8ff0-3fcff6661682', '广州程通驾校', '27a7e11d-7329-410b-99f3-6333f24107a1', '市内分点', '2015-05-16 09:00:00', '2015-05-16 10:00:00', 'SW', '上午', '1', '2015-05-16 09:00:00', '2015-05-16 09:00:00', '3', '0', '3', 'BMZ', '报名中', '1', '1', '4', '24', '2015-05-15 19:10:21', '2015-05-15 19:10:21', null);
INSERT INTO `tb_roaster_jx` VALUES ('dce3fb9b-87af-4c1e-9c9a-f78c2267e13a', '广州程通驾校-市内分点-胡金宝教练-科目三', null, '628210b6-c121-46c5-b845-fa6ec1526956', '胡金宝', '351742ee-ebcc-40cc-b5fc-fb3a39131e14', '科目三', '9f4d700e-54c4-4843-8ff0-3fcff6661682', '广州程通驾校', '27a7e11d-7329-410b-99f3-6333f24107a1', '市内分点', '2015-05-18 14:00:00', '2015-05-18 15:00:00', 'XW', '下午', '1', '2015-05-18 14:00:00', '2015-05-18 14:00:00', '3', '0', '3', 'BMZ', '报名中', '1', '1', '4', '24', '2015-05-15 19:10:20', '2015-05-15 19:10:20', null);
INSERT INTO `tb_roaster_jx` VALUES ('dd2d36f4-2f0d-4008-8114-f269f7deef1d', '广州程通驾校-市内分点-叶伟强教练-科目三', null, '171bde61-88db-4ed1-b5f9-8e568f6df3c4', '叶伟强', '351742ee-ebcc-40cc-b5fc-fb3a39131e14', '科目三', '9f4d700e-54c4-4843-8ff0-3fcff6661682', '广州程通驾校', '27a7e11d-7329-410b-99f3-6333f24107a1', '市内分点', '2015-05-18 17:00:00', '2015-05-18 18:00:00', 'XW', '下午', '1', '2015-05-18 17:00:00', '2015-05-18 17:00:00', '3', '0', '3', 'BMZ', '报名中', '1', '1', '4', '24', '2015-05-15 19:10:18', '2015-05-15 19:10:18', null);
INSERT INTO `tb_roaster_jx` VALUES ('dd55df8d-14a4-4385-8dc8-5b76bc928b4c', '广州程通驾校-市内分点-test2教练-科目二', null, 'bcece4af-0e95-400f-9125-ce68f24150c2', 'test2', 'de9581d9-d016-470b-9126-ae297b673e57', '科目二', '9f4d700e-54c4-4843-8ff0-3fcff6661682', '广州程通驾校', '27a7e11d-7329-410b-99f3-6333f24107a1', '市内分点', '2015-05-16 09:00:00', '2015-05-16 10:00:00', 'SW', '上午', '1', '2015-05-16 09:00:00', '2015-05-16 09:00:00', '3', '0', '2', 'BMZ', '报名中', '1', '1', '4', '24', '2015-05-15 19:10:22', '2015-05-15 19:10:22', null);
INSERT INTO `tb_roaster_jx` VALUES ('dd6dc59c-c116-4283-8e92-52747fefd63c', '广州程通驾校-海珠区-李四教练-科目二', null, '86b664d0-97ba-4e8e-9c67-910532ab9cc4', '李四', 'de9581d9-d016-470b-9126-ae297b673e57', '科目二', '9f4d700e-54c4-4843-8ff0-3fcff6661682', '广州程通驾校', '1e4904cb-4a40-4852-8127-5ae328b997b0', '海珠区', '2015-05-18 14:00:00', '2015-05-18 15:00:00', 'XW', '下午', '1', '2015-05-18 14:00:00', '2015-05-18 14:00:00', '3', '0', '3', 'BMZ', '报名中', '1', '1', '4', '24', '2015-05-15 19:10:21', '2015-05-15 19:10:21', null);
INSERT INTO `tb_roaster_jx` VALUES ('de3f4d32-cc0a-445a-9282-835f8c001f05', '广州程通驾校-市内分点-刘卫群教练-科目三', null, 'dadfa69a-daf6-4db7-be4b-c615de7f87cd', '刘卫群', '351742ee-ebcc-40cc-b5fc-fb3a39131e14', '科目三', '9f4d700e-54c4-4843-8ff0-3fcff6661682', '广州程通驾校', '27a7e11d-7329-410b-99f3-6333f24107a1', '市内分点', '2015-05-18 17:00:00', '2015-05-18 18:00:00', 'XW', '下午', '1', '2015-05-18 17:00:00', '2015-05-18 17:00:00', '3', '0', '3', 'BMZ', '报名中', '1', '1', '4', '24', '2015-05-15 19:10:23', '2015-05-15 19:10:23', null);
INSERT INTO `tb_roaster_jx` VALUES ('de710bb4-f982-4d2c-bc73-00526ea11176', '广州程通驾校-市内分点-叶伟信教练-科目三', null, '918a9e6a-a516-4c85-be1f-7bcf9ba96518', '叶伟信', '351742ee-ebcc-40cc-b5fc-fb3a39131e14', '科目三', '9f4d700e-54c4-4843-8ff0-3fcff6661682', '广州程通驾校', '27a7e11d-7329-410b-99f3-6333f24107a1', '市内分点', '2015-05-17 08:00:00', '2015-05-17 09:00:00', 'SW', '上午', '1', '2015-05-17 08:00:00', '2015-05-17 08:00:00', '3', '0', '3', 'BMZ', '报名中', '1', '1', '4', '24', '2015-05-15 19:10:22', '2015-05-15 19:10:22', null);
INSERT INTO `tb_roaster_jx` VALUES ('de82e3fb-dc29-413b-9bd5-3c4313792bdc', '广州程通驾校-市内分点-李步喜教练-科目二', null, '6fdea2dd-a28d-429d-934b-658b900e900e', '李步喜', 'de9581d9-d016-470b-9126-ae297b673e57', '科目二', '9f4d700e-54c4-4843-8ff0-3fcff6661682', '广州程通驾校', '27a7e11d-7329-410b-99f3-6333f24107a1', '市内分点', '2015-05-15 08:00:00', '2015-05-15 09:00:00', 'SW', '上午', '1', '2015-05-15 08:00:00', '2015-05-15 08:00:00', '3', '0', '3', 'BMZ', '报名中', '1', '1', '4', '24', '2015-05-15 19:10:21', '2015-05-15 19:10:21', null);
INSERT INTO `tb_roaster_jx` VALUES ('df0a6b25-6d56-4d26-9019-f29ef0a955b1', '广州程通驾校-市内分点-胡金宝教练-科目三', null, '628210b6-c121-46c5-b845-fa6ec1526956', '胡金宝', '351742ee-ebcc-40cc-b5fc-fb3a39131e14', '科目三', '9f4d700e-54c4-4843-8ff0-3fcff6661682', '广州程通驾校', '27a7e11d-7329-410b-99f3-6333f24107a1', '市内分点', '2015-05-17 10:00:00', '2015-05-17 11:00:00', 'SW', '上午', '1', '2015-05-17 10:00:00', '2015-05-17 10:00:00', '3', '0', '3', 'BMZ', '报名中', '1', '1', '4', '24', '2015-05-15 19:10:20', '2015-05-15 19:10:20', null);
INSERT INTO `tb_roaster_jx` VALUES ('dfe5b094-c3f7-4632-9163-45d189538839', '广州程通驾校-市内分点-test2教练-科目二', null, 'bcece4af-0e95-400f-9125-ce68f24150c2', 'test2', 'de9581d9-d016-470b-9126-ae297b673e57', '科目二', '9f4d700e-54c4-4843-8ff0-3fcff6661682', '广州程通驾校', '27a7e11d-7329-410b-99f3-6333f24107a1', '市内分点', '2015-05-17 11:00:00', '2015-05-17 12:00:00', 'SW', '上午', '1', '2015-05-17 11:00:00', '2015-05-17 11:00:00', '3', '0', '3', 'BMZ', '报名中', '1', '1', '4', '24', '2015-05-15 19:10:22', '2015-05-15 19:10:22', null);
INSERT INTO `tb_roaster_jx` VALUES ('e00f1423-32c7-4380-aac6-e6f8781d1cda', '广州程通驾校-市内分点-陈辉教练-科目二', null, '003e98c0-4b35-4104-98c5-025c9c258e01', '陈辉', 'de9581d9-d016-470b-9126-ae297b673e57', '科目二', '9f4d700e-54c4-4843-8ff0-3fcff6661682', '广州程通驾校', '27a7e11d-7329-410b-99f3-6333f24107a1', '市内分点', '2015-05-16 08:00:00', '2015-05-16 09:00:00', 'SW', '上午', '1', '2015-05-16 08:00:00', '2015-05-16 08:00:00', '3', '0', '3', 'BMZ', '报名中', '1', '1', '4', '24', '2015-05-15 19:10:18', '2015-05-15 19:10:18', null);
INSERT INTO `tb_roaster_jx` VALUES ('e12d1d4b-0593-48db-aa6a-50060c99df91', '广州程通驾校-市内分点-刘卫群教练-科目三', null, 'dadfa69a-daf6-4db7-be4b-c615de7f87cd', '刘卫群', '351742ee-ebcc-40cc-b5fc-fb3a39131e14', '科目三', '9f4d700e-54c4-4843-8ff0-3fcff6661682', '广州程通驾校', '27a7e11d-7329-410b-99f3-6333f24107a1', '市内分点', '2015-05-15 09:00:00', '2015-05-15 10:00:00', 'SW', '上午', '1', '2015-05-15 09:00:00', '2015-05-15 09:00:00', '3', '0', '3', 'BMZ', '报名中', '1', '1', '4', '24', '2015-05-15 19:10:23', '2015-05-15 19:10:23', null);
INSERT INTO `tb_roaster_jx` VALUES ('e1c29273-22a7-4322-9428-acafc3269b2f', '广州程通驾校-市内分点-李步喜教练-科目二', null, '6fdea2dd-a28d-429d-934b-658b900e900e', '李步喜', 'de9581d9-d016-470b-9126-ae297b673e57', '科目二', '9f4d700e-54c4-4843-8ff0-3fcff6661682', '广州程通驾校', '27a7e11d-7329-410b-99f3-6333f24107a1', '市内分点', '2015-05-18 14:00:00', '2015-05-18 15:00:00', 'XW', '下午', '1', '2015-05-18 14:00:00', '2015-05-18 14:00:00', '3', '0', '3', 'BMZ', '报名中', '1', '1', '4', '24', '2015-05-15 19:10:21', '2015-05-15 19:10:21', null);
INSERT INTO `tb_roaster_jx` VALUES ('e2e2064a-3836-4f4b-bbe0-1d47d596c92b', '广州程通驾校-市内分点-叶伟信教练-科目三', null, '918a9e6a-a516-4c85-be1f-7bcf9ba96518', '叶伟信', '351742ee-ebcc-40cc-b5fc-fb3a39131e14', '科目三', '9f4d700e-54c4-4843-8ff0-3fcff6661682', '广州程通驾校', '27a7e11d-7329-410b-99f3-6333f24107a1', '市内分点', '2015-05-16 17:00:00', '2015-05-16 18:00:00', 'XW', '下午', '1', '2015-05-16 17:00:00', '2015-05-16 17:00:00', '3', '0', '3', 'BMZ', '报名中', '1', '1', '4', '24', '2015-05-15 19:10:22', '2015-05-15 19:10:22', null);
INSERT INTO `tb_roaster_jx` VALUES ('e2f40ef3-f260-4cac-bdd2-e06f07e7bf43', '广州程通驾校-市内分点-李步喜教练-科目二', null, '6fdea2dd-a28d-429d-934b-658b900e900e', '李步喜', 'de9581d9-d016-470b-9126-ae297b673e57', '科目二', '9f4d700e-54c4-4843-8ff0-3fcff6661682', '广州程通驾校', '27a7e11d-7329-410b-99f3-6333f24107a1', '市内分点', '2015-05-18 17:00:00', '2015-05-18 18:00:00', 'XW', '下午', '1', '2015-05-18 17:00:00', '2015-05-18 17:00:00', '3', '0', '3', 'BMZ', '报名中', '1', '1', '4', '24', '2015-05-15 19:10:21', '2015-05-15 19:10:21', null);
INSERT INTO `tb_roaster_jx` VALUES ('e31bd5db-2fda-4422-b0d3-09708ea6dc23', '广州程通驾校-海珠区-李四教练-科目二', null, '86b664d0-97ba-4e8e-9c67-910532ab9cc4', '李四', 'de9581d9-d016-470b-9126-ae297b673e57', '科目二', '9f4d700e-54c4-4843-8ff0-3fcff6661682', '广州程通驾校', '1e4904cb-4a40-4852-8127-5ae328b997b0', '海珠区', '2015-05-15 08:00:00', '2015-05-15 09:00:00', 'SW', '上午', '1', '2015-05-15 08:00:00', '2015-05-15 08:00:00', '3', '0', '3', 'BMZ', '报名中', '1', '1', '4', '24', '2015-05-15 19:10:21', '2015-05-15 19:10:21', null);
INSERT INTO `tb_roaster_jx` VALUES ('e42cb12a-7eec-4396-9eee-c09d1f3ef6c1', '广州程通驾校-市内分点-陈辉教练-科目二', null, '003e98c0-4b35-4104-98c5-025c9c258e01', '陈辉', 'de9581d9-d016-470b-9126-ae297b673e57', '科目二', '9f4d700e-54c4-4843-8ff0-3fcff6661682', '广州程通驾校', '27a7e11d-7329-410b-99f3-6333f24107a1', '市内分点', '2015-05-15 11:00:00', '2015-05-15 12:00:00', 'SW', '上午', '1', '2015-05-15 11:00:00', '2015-05-15 11:00:00', '3', '0', '3', 'BMZ', '报名中', '1', '1', '4', '24', '2015-05-15 19:10:18', '2015-05-15 19:10:18', null);
INSERT INTO `tb_roaster_jx` VALUES ('e439aed1-ff4f-49ea-a275-c3fdeba73cbf', '广州程通驾校-市内分点-叶伟强教练-科目三', null, '171bde61-88db-4ed1-b5f9-8e568f6df3c4', '叶伟强', '351742ee-ebcc-40cc-b5fc-fb3a39131e14', '科目三', '9f4d700e-54c4-4843-8ff0-3fcff6661682', '广州程通驾校', '27a7e11d-7329-410b-99f3-6333f24107a1', '市内分点', '2015-05-16 11:00:00', '2015-05-16 12:00:00', 'SW', '上午', '1', '2015-05-16 11:00:00', '2015-05-16 11:00:00', '3', '0', '3', 'BMZ', '报名中', '1', '1', '4', '24', '2015-05-15 19:10:18', '2015-05-15 19:10:18', null);
INSERT INTO `tb_roaster_jx` VALUES ('e4c6e0c9-54b5-440f-b414-d98819e405f3', '广州程通驾校-市内分点-陈辉教练-科目二', null, '003e98c0-4b35-4104-98c5-025c9c258e01', '陈辉', 'de9581d9-d016-470b-9126-ae297b673e57', '科目二', '9f4d700e-54c4-4843-8ff0-3fcff6661682', '广州程通驾校', '27a7e11d-7329-410b-99f3-6333f24107a1', '市内分点', '2015-05-17 10:00:00', '2015-05-17 11:00:00', 'SW', '上午', '1', '2015-05-17 10:00:00', '2015-05-17 10:00:00', '3', '0', '3', 'BMZ', '报名中', '1', '1', '4', '24', '2015-05-15 19:10:18', '2015-05-15 19:10:18', null);
INSERT INTO `tb_roaster_jx` VALUES ('e53e0c74-0e22-4607-bf24-625a351e35fc', '广州程通驾校-市内分点-陈辉教练-科目二', null, '003e98c0-4b35-4104-98c5-025c9c258e01', '陈辉', 'de9581d9-d016-470b-9126-ae297b673e57', '科目二', '9f4d700e-54c4-4843-8ff0-3fcff6661682', '广州程通驾校', '27a7e11d-7329-410b-99f3-6333f24107a1', '市内分点', '2015-05-16 15:00:00', '2015-05-16 16:00:00', 'XW', '下午', '1', '2015-05-16 15:00:00', '2015-05-16 15:00:00', '3', '0', '3', 'BMZ', '报名中', '1', '1', '4', '24', '2015-05-15 19:10:18', '2015-05-15 19:10:18', null);
INSERT INTO `tb_roaster_jx` VALUES ('e88d9cb3-ea72-4103-8f5f-40e20699e8c0', '广州程通驾校-市内分点-胡金宝教练-科目三', null, '628210b6-c121-46c5-b845-fa6ec1526956', '胡金宝', '351742ee-ebcc-40cc-b5fc-fb3a39131e14', '科目三', '9f4d700e-54c4-4843-8ff0-3fcff6661682', '广州程通驾校', '27a7e11d-7329-410b-99f3-6333f24107a1', '市内分点', '2015-05-15 17:00:00', '2015-05-15 18:00:00', 'XW', '下午', '1', '2015-05-15 17:00:00', '2015-05-15 17:00:00', '3', '0', '3', 'BMZ', '报名中', '1', '1', '4', '24', '2015-05-15 19:10:20', '2015-05-15 19:10:20', null);
INSERT INTO `tb_roaster_jx` VALUES ('e8ce34e6-2235-4498-b861-196ec61248b9', '广州程通驾校-市内分点-陈辉教练-科目二', null, '003e98c0-4b35-4104-98c5-025c9c258e01', '陈辉', 'de9581d9-d016-470b-9126-ae297b673e57', '科目二', '9f4d700e-54c4-4843-8ff0-3fcff6661682', '广州程通驾校', '27a7e11d-7329-410b-99f3-6333f24107a1', '市内分点', '2015-05-16 09:00:00', '2015-05-16 10:00:00', 'SW', '上午', '1', '2015-05-16 09:00:00', '2015-05-16 09:00:00', '3', '0', '3', 'BMZ', '报名中', '1', '1', '4', '24', '2015-05-15 19:10:18', '2015-05-15 19:10:18', null);
INSERT INTO `tb_roaster_jx` VALUES ('e8e0cea1-94b1-4941-8d17-ae56859eaab2', '广州程通驾校-市内分点-张三教练-科目二', null, '3240fc5c-8113-4997-a310-d82c66a861fe', '张三', 'de9581d9-d016-470b-9126-ae297b673e57', '科目二', '9f4d700e-54c4-4843-8ff0-3fcff6661682', '广州程通驾校', '27a7e11d-7329-410b-99f3-6333f24107a1', '市内分点', '2015-05-18 17:00:00', '2015-05-18 18:00:00', 'XW', '下午', '1', '2015-05-18 17:00:00', '2015-05-18 17:00:00', '3', '0', '3', 'BMZ', '报名中', '1', '1', '4', '24', '2015-05-15 19:10:19', '2015-05-15 19:10:19', null);
INSERT INTO `tb_roaster_jx` VALUES ('e9c8f3a4-ff7e-49fc-9261-987381c51f73', '广州程通驾校-市内分点-叶伟信教练-科目三', null, '918a9e6a-a516-4c85-be1f-7bcf9ba96518', '叶伟信', '351742ee-ebcc-40cc-b5fc-fb3a39131e14', '科目三', '9f4d700e-54c4-4843-8ff0-3fcff6661682', '广州程通驾校', '27a7e11d-7329-410b-99f3-6333f24107a1', '市内分点', '2015-05-18 08:00:00', '2015-05-18 09:00:00', 'SW', '上午', '1', '2015-05-18 08:00:00', '2015-05-18 08:00:00', '3', '0', '3', 'BMZ', '报名中', '1', '1', '4', '24', '2015-05-15 19:10:22', '2015-05-15 19:10:22', null);
INSERT INTO `tb_roaster_jx` VALUES ('eab46676-cfa2-4533-9015-7ea4d428aec0', '广州程通驾校-市内分点-张三教练-科目二', null, '3240fc5c-8113-4997-a310-d82c66a861fe', '张三', 'de9581d9-d016-470b-9126-ae297b673e57', '科目二', '9f4d700e-54c4-4843-8ff0-3fcff6661682', '广州程通驾校', '27a7e11d-7329-410b-99f3-6333f24107a1', '市内分点', '2015-05-15 15:00:00', '2015-05-15 16:00:00', 'XW', '下午', '1', '2015-05-15 15:00:00', '2015-05-15 15:00:00', '3', '0', '3', 'BMZ', '报名中', '1', '1', '4', '24', '2015-05-15 19:10:19', '2015-05-15 19:10:19', null);
INSERT INTO `tb_roaster_jx` VALUES ('eb73990f-6988-46d4-822d-1987b7cd3e14', '广州程通驾校-海珠区-李四教练-科目二', null, '86b664d0-97ba-4e8e-9c67-910532ab9cc4', '李四', 'de9581d9-d016-470b-9126-ae297b673e57', '科目二', '9f4d700e-54c4-4843-8ff0-3fcff6661682', '广州程通驾校', '1e4904cb-4a40-4852-8127-5ae328b997b0', '海珠区', '2015-05-15 09:00:00', '2015-05-15 10:00:00', 'SW', '上午', '1', '2015-05-15 09:00:00', '2015-05-15 09:00:00', '3', '0', '3', 'BMZ', '报名中', '1', '1', '4', '24', '2015-05-15 19:10:21', '2015-05-15 19:10:21', null);
INSERT INTO `tb_roaster_jx` VALUES ('eba60fd6-87a9-4364-813b-410069ed09ff', '广州程通驾校-市内分点-刘卫群教练-科目三', null, 'dadfa69a-daf6-4db7-be4b-c615de7f87cd', '刘卫群', '351742ee-ebcc-40cc-b5fc-fb3a39131e14', '科目三', '9f4d700e-54c4-4843-8ff0-3fcff6661682', '广州程通驾校', '27a7e11d-7329-410b-99f3-6333f24107a1', '市内分点', '2015-05-17 10:00:00', '2015-05-17 11:00:00', 'SW', '上午', '1', '2015-05-17 10:00:00', '2015-05-17 10:00:00', '3', '0', '3', 'BMZ', '报名中', '1', '1', '4', '24', '2015-05-15 19:10:23', '2015-05-15 19:10:23', null);
INSERT INTO `tb_roaster_jx` VALUES ('ec49b553-c41d-48e9-8606-8ea3cb52fa0e', '广州程通驾校-市内分点-陈曦教练-科目二', null, '4a99e726-f6d2-48ac-9ed8-3ce35f438662', '陈曦', 'de9581d9-d016-470b-9126-ae297b673e57', '科目二', '9f4d700e-54c4-4843-8ff0-3fcff6661682', '广州程通驾校', '27a7e11d-7329-410b-99f3-6333f24107a1', '市内分点', '2015-05-18 08:00:00', '2015-05-18 09:00:00', 'SW', '上午', '1', '2015-05-18 08:00:00', '2015-05-18 08:00:00', '3', '0', '3', 'BMZ', '报名中', '1', '1', '4', '24', '2015-05-15 19:10:20', '2015-05-15 19:10:20', null);
INSERT INTO `tb_roaster_jx` VALUES ('ec8cf2bf-98d3-49e6-863e-6155aa6988dc', '广州程通驾校-市内分点-叶伟强教练-科目三', null, '171bde61-88db-4ed1-b5f9-8e568f6df3c4', '叶伟强', '351742ee-ebcc-40cc-b5fc-fb3a39131e14', '科目三', '9f4d700e-54c4-4843-8ff0-3fcff6661682', '广州程通驾校', '27a7e11d-7329-410b-99f3-6333f24107a1', '市内分点', '2015-05-16 15:00:00', '2015-05-16 16:00:00', 'XW', '下午', '1', '2015-05-16 15:00:00', '2015-05-16 15:00:00', '3', '0', '3', 'BMZ', '报名中', '1', '1', '4', '24', '2015-05-15 19:10:18', '2015-05-15 19:10:18', null);
INSERT INTO `tb_roaster_jx` VALUES ('ed3fd986-125d-433f-bf5e-f8a1195381d0', '广州程通驾校-市内分点-叶伟强教练-科目三', null, '171bde61-88db-4ed1-b5f9-8e568f6df3c4', '叶伟强', '351742ee-ebcc-40cc-b5fc-fb3a39131e14', '科目三', '9f4d700e-54c4-4843-8ff0-3fcff6661682', '广州程通驾校', '27a7e11d-7329-410b-99f3-6333f24107a1', '市内分点', '2015-05-15 14:00:00', '2015-05-15 15:00:00', 'XW', '下午', '1', '2015-05-15 14:00:00', '2015-05-15 14:00:00', '3', '0', '3', 'BMZ', '报名中', '1', '1', '4', '24', '2015-05-15 19:10:18', '2015-05-15 19:10:18', null);
INSERT INTO `tb_roaster_jx` VALUES ('edaa5efe-3e8e-41a9-81ad-4acf16361f0b', '广州程通驾校-市内分点-张三教练-科目二', null, '3240fc5c-8113-4997-a310-d82c66a861fe', '张三', 'de9581d9-d016-470b-9126-ae297b673e57', '科目二', '9f4d700e-54c4-4843-8ff0-3fcff6661682', '广州程通驾校', '27a7e11d-7329-410b-99f3-6333f24107a1', '市内分点', '2015-05-16 10:00:00', '2015-05-16 11:00:00', 'SW', '上午', '1', '2015-05-16 10:00:00', '2015-05-16 10:00:00', '3', '0', '3', 'BMZ', '报名中', '1', '1', '4', '24', '2015-05-15 19:10:19', '2015-05-15 19:10:19', null);
INSERT INTO `tb_roaster_jx` VALUES ('ee99f07b-a0ae-41b6-8433-c1842f7b8f67', '广州程通驾校-市内分点-刘卫群教练-科目三', null, 'dadfa69a-daf6-4db7-be4b-c615de7f87cd', '刘卫群', '351742ee-ebcc-40cc-b5fc-fb3a39131e14', '科目三', '9f4d700e-54c4-4843-8ff0-3fcff6661682', '广州程通驾校', '27a7e11d-7329-410b-99f3-6333f24107a1', '市内分点', '2015-05-16 17:00:00', '2015-05-16 18:00:00', 'XW', '下午', '1', '2015-05-16 17:00:00', '2015-05-16 17:00:00', '3', '0', '3', 'BMZ', '报名中', '1', '1', '4', '24', '2015-05-15 19:10:23', '2015-05-15 19:10:23', null);
INSERT INTO `tb_roaster_jx` VALUES ('efdda4bd-1749-4c37-98a3-057868a3734a', '广州程通驾校-市内分点-张三教练-科目二', null, '3240fc5c-8113-4997-a310-d82c66a861fe', '张三', 'de9581d9-d016-470b-9126-ae297b673e57', '科目二', '9f4d700e-54c4-4843-8ff0-3fcff6661682', '广州程通驾校', '27a7e11d-7329-410b-99f3-6333f24107a1', '市内分点', '2015-05-16 14:00:00', '2015-05-16 15:00:00', 'XW', '下午', '1', '2015-05-16 14:00:00', '2015-05-16 14:00:00', '3', '0', '3', 'BMZ', '报名中', '1', '1', '4', '24', '2015-05-15 19:10:19', '2015-05-15 19:10:19', null);
INSERT INTO `tb_roaster_jx` VALUES ('f15c8d61-fee8-4f4e-8368-d1d19610945a', '广州程通驾校-市内分点-陈辉教练-科目二', null, '003e98c0-4b35-4104-98c5-025c9c258e01', '陈辉', 'de9581d9-d016-470b-9126-ae297b673e57', '科目二', '9f4d700e-54c4-4843-8ff0-3fcff6661682', '广州程通驾校', '27a7e11d-7329-410b-99f3-6333f24107a1', '市内分点', '2015-05-18 11:00:00', '2015-05-18 12:00:00', 'SW', '上午', '1', '2015-05-18 11:00:00', '2015-05-18 11:00:00', '3', '0', '3', 'BMZ', '报名中', '1', '1', '4', '24', '2015-05-15 19:10:18', '2015-05-15 19:10:18', null);
INSERT INTO `tb_roaster_jx` VALUES ('f15e6886-df0a-47e7-a58e-b0a8f7c45883', '广州程通驾校-市内分点-叶伟信教练-科目三', null, '918a9e6a-a516-4c85-be1f-7bcf9ba96518', '叶伟信', '351742ee-ebcc-40cc-b5fc-fb3a39131e14', '科目三', '9f4d700e-54c4-4843-8ff0-3fcff6661682', '广州程通驾校', '27a7e11d-7329-410b-99f3-6333f24107a1', '市内分点', '2015-05-15 17:00:00', '2015-05-15 18:00:00', 'XW', '下午', '1', '2015-05-15 17:00:00', '2015-05-15 17:00:00', '3', '0', '3', 'BMZ', '报名中', '1', '1', '4', '24', '2015-05-15 19:10:22', '2015-05-15 19:10:22', null);
INSERT INTO `tb_roaster_jx` VALUES ('f3319bab-7c7e-4a9d-9edc-5959ee86cd35', '广州程通驾校-市内分点-陈辉教练-科目二', null, '003e98c0-4b35-4104-98c5-025c9c258e01', '陈辉', 'de9581d9-d016-470b-9126-ae297b673e57', '科目二', '9f4d700e-54c4-4843-8ff0-3fcff6661682', '广州程通驾校', '27a7e11d-7329-410b-99f3-6333f24107a1', '市内分点', '2015-05-16 14:00:00', '2015-05-16 15:00:00', 'XW', '下午', '1', '2015-05-16 14:00:00', '2015-05-16 14:00:00', '3', '0', '3', 'BMZ', '报名中', '1', '1', '4', '24', '2015-05-15 19:10:18', '2015-05-15 19:10:18', null);
INSERT INTO `tb_roaster_jx` VALUES ('f380e479-4f2b-465c-9cb5-ffe1257e399c', '广州程通驾校-海珠区-李四教练-科目二', null, '86b664d0-97ba-4e8e-9c67-910532ab9cc4', '李四', 'de9581d9-d016-470b-9126-ae297b673e57', '科目二', '9f4d700e-54c4-4843-8ff0-3fcff6661682', '广州程通驾校', '1e4904cb-4a40-4852-8127-5ae328b997b0', '海珠区', '2015-05-16 17:00:00', '2015-05-16 18:00:00', 'XW', '下午', '1', '2015-05-16 17:00:00', '2015-05-16 17:00:00', '3', '0', '3', 'BMZ', '报名中', '1', '1', '4', '24', '2015-05-15 19:10:21', '2015-05-15 19:10:21', null);
INSERT INTO `tb_roaster_jx` VALUES ('f405242c-baec-4129-8730-9b09f8953504', '广州程通驾校-市内分点-test2教练-科目二', null, 'bcece4af-0e95-400f-9125-ce68f24150c2', 'test2', 'de9581d9-d016-470b-9126-ae297b673e57', '科目二', '9f4d700e-54c4-4843-8ff0-3fcff6661682', '广州程通驾校', '27a7e11d-7329-410b-99f3-6333f24107a1', '市内分点', '2015-05-17 16:00:00', '2015-05-17 17:00:00', 'XW', '下午', '1', '2015-05-17 16:00:00', '2015-05-17 16:00:00', '3', '0', '3', 'BMZ', '报名中', '1', '1', '4', '24', '2015-05-15 19:10:22', '2015-05-15 19:10:22', null);
INSERT INTO `tb_roaster_jx` VALUES ('f4e482e6-fd14-4941-80aa-c3cd24a41647', '广州程通驾校-市内分点-陈辉教练-科目二', null, '003e98c0-4b35-4104-98c5-025c9c258e01', '陈辉', 'de9581d9-d016-470b-9126-ae297b673e57', '科目二', '9f4d700e-54c4-4843-8ff0-3fcff6661682', '广州程通驾校', '27a7e11d-7329-410b-99f3-6333f24107a1', '市内分点', '2015-05-16 17:00:00', '2015-05-16 18:00:00', 'XW', '下午', '1', '2015-05-16 17:00:00', '2015-05-16 17:00:00', '3', '0', '3', 'BMZ', '报名中', '1', '1', '4', '24', '2015-05-15 19:10:18', '2015-05-15 19:10:18', null);
INSERT INTO `tb_roaster_jx` VALUES ('f5ee5a6a-a4f9-4263-8e32-633c90c51078', '广州程通驾校-市内分点-叶伟强教练-科目三', null, '171bde61-88db-4ed1-b5f9-8e568f6df3c4', '叶伟强', '351742ee-ebcc-40cc-b5fc-fb3a39131e14', '科目三', '9f4d700e-54c4-4843-8ff0-3fcff6661682', '广州程通驾校', '27a7e11d-7329-410b-99f3-6333f24107a1', '市内分点', '2015-05-17 17:00:00', '2015-05-17 18:00:00', 'XW', '下午', '1', '2015-05-17 17:00:00', '2015-05-17 17:00:00', '3', '0', '3', 'BMZ', '报名中', '1', '1', '4', '24', '2015-05-15 19:10:18', '2015-05-15 19:10:18', null);
INSERT INTO `tb_roaster_jx` VALUES ('f7ccb467-3f5a-49e1-b51e-8ce39dc627b2', '广州程通驾校-市内分点-刘卫群教练-科目三', null, 'dadfa69a-daf6-4db7-be4b-c615de7f87cd', '刘卫群', '351742ee-ebcc-40cc-b5fc-fb3a39131e14', '科目三', '9f4d700e-54c4-4843-8ff0-3fcff6661682', '广州程通驾校', '27a7e11d-7329-410b-99f3-6333f24107a1', '市内分点', '2015-05-16 09:00:00', '2015-05-16 10:00:00', 'SW', '上午', '1', '2015-05-16 09:00:00', '2015-05-16 09:00:00', '3', '0', '3', 'BMZ', '报名中', '1', '1', '4', '24', '2015-05-15 19:10:23', '2015-05-15 19:10:23', null);
INSERT INTO `tb_roaster_jx` VALUES ('f7defe82-7903-4f53-b1ea-c9d6eafadfc7', '广州程通驾校-市内分点-刘卫群教练-科目三', null, 'dadfa69a-daf6-4db7-be4b-c615de7f87cd', '刘卫群', '351742ee-ebcc-40cc-b5fc-fb3a39131e14', '科目三', '9f4d700e-54c4-4843-8ff0-3fcff6661682', '广州程通驾校', '27a7e11d-7329-410b-99f3-6333f24107a1', '市内分点', '2015-05-15 11:00:00', '2015-05-15 12:00:00', 'SW', '上午', '1', '2015-05-15 11:00:00', '2015-05-15 11:00:00', '3', '0', '3', 'BMZ', '报名中', '1', '1', '4', '24', '2015-05-15 19:10:23', '2015-05-15 19:10:23', null);
INSERT INTO `tb_roaster_jx` VALUES ('f7ec856e-154c-4e3a-9dc1-68b173365acf', '广州程通驾校-市内分点-叶伟强教练-科目三', null, '171bde61-88db-4ed1-b5f9-8e568f6df3c4', '叶伟强', '351742ee-ebcc-40cc-b5fc-fb3a39131e14', '科目三', '9f4d700e-54c4-4843-8ff0-3fcff6661682', '广州程通驾校', '27a7e11d-7329-410b-99f3-6333f24107a1', '市内分点', '2015-05-17 10:00:00', '2015-05-17 11:00:00', 'SW', '上午', '1', '2015-05-17 10:00:00', '2015-05-17 10:00:00', '3', '0', '3', 'BMZ', '报名中', '1', '1', '4', '24', '2015-05-15 19:10:18', '2015-05-15 19:10:18', null);
INSERT INTO `tb_roaster_jx` VALUES ('f80100d9-e9c6-492f-89c4-06b2deb4b12c', '广州程通驾校-市内分点-叶伟强教练-科目三', null, '171bde61-88db-4ed1-b5f9-8e568f6df3c4', '叶伟强', '351742ee-ebcc-40cc-b5fc-fb3a39131e14', '科目三', '9f4d700e-54c4-4843-8ff0-3fcff6661682', '广州程通驾校', '27a7e11d-7329-410b-99f3-6333f24107a1', '市内分点', '2015-05-17 14:00:00', '2015-05-17 15:00:00', 'XW', '下午', '1', '2015-05-17 14:00:00', '2015-05-17 14:00:00', '3', '0', '3', 'BMZ', '报名中', '1', '1', '4', '24', '2015-05-15 19:10:18', '2015-05-15 19:10:18', null);
INSERT INTO `tb_roaster_jx` VALUES ('f828c1a4-ef73-4c88-9f5d-ef53f851b425', '广州程通驾校-市内分点-张三教练-科目二', null, '3240fc5c-8113-4997-a310-d82c66a861fe', '张三', 'de9581d9-d016-470b-9126-ae297b673e57', '科目二', '9f4d700e-54c4-4843-8ff0-3fcff6661682', '广州程通驾校', '27a7e11d-7329-410b-99f3-6333f24107a1', '市内分点', '2015-05-15 10:00:00', '2015-05-15 11:00:00', 'SW', '上午', '1', '2015-05-15 10:00:00', '2015-05-15 10:00:00', '3', '0', '3', 'BMZ', '报名中', '1', '1', '4', '24', '2015-05-15 19:10:19', '2015-05-15 19:10:19', null);
INSERT INTO `tb_roaster_jx` VALUES ('f8a05f1c-883f-44c6-b695-d0090bc7cd10', '广州程通驾校-市内分点-test2教练-科目二', null, 'bcece4af-0e95-400f-9125-ce68f24150c2', 'test2', 'de9581d9-d016-470b-9126-ae297b673e57', '科目二', '9f4d700e-54c4-4843-8ff0-3fcff6661682', '广州程通驾校', '27a7e11d-7329-410b-99f3-6333f24107a1', '市内分点', '2015-05-15 11:00:00', '2015-05-15 12:00:00', 'SW', '上午', '1', '2015-05-15 11:00:00', '2015-05-15 11:00:00', '3', '0', '3', 'BMZ', '报名中', '1', '1', '4', '24', '2015-05-15 19:10:22', '2015-05-15 19:10:22', null);
INSERT INTO `tb_roaster_jx` VALUES ('f8a3a125-c80c-477b-a35e-5f0a22a9fbfb', '广州程通驾校-市内分点-李步喜教练-科目二', null, '6fdea2dd-a28d-429d-934b-658b900e900e', '李步喜', 'de9581d9-d016-470b-9126-ae297b673e57', '科目二', '9f4d700e-54c4-4843-8ff0-3fcff6661682', '广州程通驾校', '27a7e11d-7329-410b-99f3-6333f24107a1', '市内分点', '2015-05-15 10:00:00', '2015-05-15 11:00:00', 'SW', '上午', '1', '2015-05-15 10:00:00', '2015-05-15 10:00:00', '3', '0', '3', 'BMZ', '报名中', '1', '1', '4', '24', '2015-05-15 19:10:21', '2015-05-15 19:10:21', null);
INSERT INTO `tb_roaster_jx` VALUES ('fa5f699a-9055-447c-a9db-0f16d2293948', '广州程通驾校-市内分点-李步喜教练-科目二', null, '6fdea2dd-a28d-429d-934b-658b900e900e', '李步喜', 'de9581d9-d016-470b-9126-ae297b673e57', '科目二', '9f4d700e-54c4-4843-8ff0-3fcff6661682', '广州程通驾校', '27a7e11d-7329-410b-99f3-6333f24107a1', '市内分点', '2015-05-17 14:00:00', '2015-05-17 15:00:00', 'XW', '下午', '1', '2015-05-17 14:00:00', '2015-05-17 14:00:00', '3', '0', '3', 'BMZ', '报名中', '1', '1', '4', '24', '2015-05-15 19:10:21', '2015-05-15 19:10:21', null);
INSERT INTO `tb_roaster_jx` VALUES ('fb27fa4e-c741-4b6d-a60e-a9721a4efb78', '广州程通驾校-市内分点-张三教练-科目二', null, '3240fc5c-8113-4997-a310-d82c66a861fe', '张三', 'de9581d9-d016-470b-9126-ae297b673e57', '科目二', '9f4d700e-54c4-4843-8ff0-3fcff6661682', '广州程通驾校', '27a7e11d-7329-410b-99f3-6333f24107a1', '市内分点', '2015-05-17 15:00:00', '2015-05-17 16:00:00', 'XW', '下午', '1', '2015-05-17 15:00:00', '2015-05-17 15:00:00', '3', '0', '3', 'BMZ', '报名中', '1', '1', '4', '24', '2015-05-15 19:10:19', '2015-05-15 19:10:19', null);
INSERT INTO `tb_roaster_jx` VALUES ('fc24da31-a544-4c49-8896-530e380311ca', '广州程通驾校-市内分点-胡金宝教练-科目三', null, '628210b6-c121-46c5-b845-fa6ec1526956', '胡金宝', '351742ee-ebcc-40cc-b5fc-fb3a39131e14', '科目三', '9f4d700e-54c4-4843-8ff0-3fcff6661682', '广州程通驾校', '27a7e11d-7329-410b-99f3-6333f24107a1', '市内分点', '2015-05-17 15:00:00', '2015-05-17 16:00:00', 'XW', '下午', '1', '2015-05-17 15:00:00', '2015-05-17 15:00:00', '3', '0', '3', 'BMZ', '报名中', '1', '1', '4', '24', '2015-05-15 19:10:20', '2015-05-15 19:10:20', null);
INSERT INTO `tb_roaster_jx` VALUES ('fc3a0727-21c2-4582-89a7-ccd12535d55e', '广州程通驾校-市内分点-刘卫群教练-科目三', null, 'dadfa69a-daf6-4db7-be4b-c615de7f87cd', '刘卫群', '351742ee-ebcc-40cc-b5fc-fb3a39131e14', '科目三', '9f4d700e-54c4-4843-8ff0-3fcff6661682', '广州程通驾校', '27a7e11d-7329-410b-99f3-6333f24107a1', '市内分点', '2015-05-16 15:00:00', '2015-05-16 16:00:00', 'XW', '下午', '1', '2015-05-16 15:00:00', '2015-05-16 15:00:00', '3', '0', '3', 'BMZ', '报名中', '1', '1', '4', '24', '2015-05-15 19:10:23', '2015-05-15 19:10:23', null);
INSERT INTO `tb_roaster_jx` VALUES ('fd87479c-6e9a-48aa-9a76-714fb5061bc5', '广州程通驾校-市内分点-刘卫群教练-科目三', null, 'dadfa69a-daf6-4db7-be4b-c615de7f87cd', '刘卫群', '351742ee-ebcc-40cc-b5fc-fb3a39131e14', '科目三', '9f4d700e-54c4-4843-8ff0-3fcff6661682', '广州程通驾校', '27a7e11d-7329-410b-99f3-6333f24107a1', '市内分点', '2015-05-17 16:00:00', '2015-05-17 17:00:00', 'XW', '下午', '1', '2015-05-17 16:00:00', '2015-05-17 16:00:00', '3', '0', '3', 'BMZ', '报名中', '1', '1', '4', '24', '2015-05-15 19:10:23', '2015-05-15 19:10:23', null);
INSERT INTO `tb_roaster_jx` VALUES ('fe0616d9-87c8-4ffc-9273-a0824873dbe0', '广州程通驾校-市内分点-test2教练-科目二', null, 'bcece4af-0e95-400f-9125-ce68f24150c2', 'test2', 'de9581d9-d016-470b-9126-ae297b673e57', '科目二', '9f4d700e-54c4-4843-8ff0-3fcff6661682', '广州程通驾校', '27a7e11d-7329-410b-99f3-6333f24107a1', '市内分点', '2015-05-16 15:00:00', '2015-05-16 16:00:00', 'XW', '下午', '1', '2015-05-16 15:00:00', '2015-05-16 15:00:00', '3', '0', '3', 'BMZ', '报名中', '1', '1', '4', '24', '2015-05-15 19:10:22', '2015-05-15 19:10:22', null);
INSERT INTO `tb_roaster_jx` VALUES ('fe25b203-68d3-4d93-ab07-a079306718c1', '广州程通驾校-市内分点-叶伟信教练-科目三', null, '918a9e6a-a516-4c85-be1f-7bcf9ba96518', '叶伟信', '351742ee-ebcc-40cc-b5fc-fb3a39131e14', '科目三', '9f4d700e-54c4-4843-8ff0-3fcff6661682', '广州程通驾校', '27a7e11d-7329-410b-99f3-6333f24107a1', '市内分点', '2015-05-17 16:00:00', '2015-05-17 17:00:00', 'XW', '下午', '1', '2015-05-17 16:00:00', '2015-05-17 16:00:00', '3', '0', '3', 'BMZ', '报名中', '1', '1', '4', '24', '2015-05-15 19:10:22', '2015-05-15 19:10:22', null);
INSERT INTO `tb_roaster_jx` VALUES ('fe43df1d-8a7d-46e5-9701-bab6f5b8c402', '广州程通驾校-市内分点-刘卫群教练-科目三', null, 'dadfa69a-daf6-4db7-be4b-c615de7f87cd', '刘卫群', '351742ee-ebcc-40cc-b5fc-fb3a39131e14', '科目三', '9f4d700e-54c4-4843-8ff0-3fcff6661682', '广州程通驾校', '27a7e11d-7329-410b-99f3-6333f24107a1', '市内分点', '2015-05-15 15:00:00', '2015-05-15 16:00:00', 'XW', '下午', '1', '2015-05-15 15:00:00', '2015-05-15 15:00:00', '3', '0', '3', 'BMZ', '报名中', '1', '1', '4', '24', '2015-05-15 19:10:23', '2015-05-15 19:10:23', null);
INSERT INTO `tb_roaster_jx` VALUES ('ff455625-d85e-42a7-90ca-37ded6525a83', '广州程通驾校-市内分点-陈曦教练-科目二', null, '4a99e726-f6d2-48ac-9ed8-3ce35f438662', '陈曦', 'de9581d9-d016-470b-9126-ae297b673e57', '科目二', '9f4d700e-54c4-4843-8ff0-3fcff6661682', '广州程通驾校', '27a7e11d-7329-410b-99f3-6333f24107a1', '市内分点', '2015-05-17 10:00:00', '2015-05-17 11:00:00', 'SW', '上午', '1', '2015-05-17 10:00:00', '2015-05-17 10:00:00', '3', '0', '3', 'BMZ', '报名中', '1', '1', '4', '24', '2015-05-15 19:10:20', '2015-05-15 19:10:20', null);
INSERT INTO `tb_roaster_jx` VALUES ('ffe24b96-75ca-418a-b119-0af65250a274', '广州程通驾校-市内分点-陈曦教练-科目二', null, '4a99e726-f6d2-48ac-9ed8-3ce35f438662', '陈曦', 'de9581d9-d016-470b-9126-ae297b673e57', '科目二', '9f4d700e-54c4-4843-8ff0-3fcff6661682', '广州程通驾校', '27a7e11d-7329-410b-99f3-6333f24107a1', '市内分点', '2015-05-16 11:00:00', '2015-05-16 12:00:00', 'SW', '上午', '1', '2015-05-16 11:00:00', '2015-05-16 11:00:00', '3', '0', '3', 'BMZ', '报名中', '1', '1', '4', '24', '2015-05-15 19:10:20', '2015-05-15 19:10:20', null);
INSERT INTO `tb_roaster_jx` VALUES ('fff018b2-448b-4672-95a0-f0f2ef065ada', '广州程通驾校-市内分点-胡金宝教练-科目三', null, '628210b6-c121-46c5-b845-fa6ec1526956', '胡金宝', '351742ee-ebcc-40cc-b5fc-fb3a39131e14', '科目三', '9f4d700e-54c4-4843-8ff0-3fcff6661682', '广州程通驾校', '27a7e11d-7329-410b-99f3-6333f24107a1', '市内分点', '2015-05-15 10:00:00', '2015-05-15 11:00:00', 'SW', '上午', '1', '2015-05-15 10:00:00', '2015-05-15 10:00:00', '3', '0', '3', 'BMZ', '报名中', '1', '1', '4', '24', '2015-05-15 19:10:20', '2015-05-15 19:10:20', null);

-- ----------------------------
-- Table structure for `tb_student_jx`
-- ----------------------------
DROP TABLE IF EXISTS `tb_student_jx`;
CREATE TABLE `tb_student_jx` (
  `STUDENT_ID` varchar(64) NOT NULL,
  `JX_ID` varchar(64) default NULL,
  `JX_NAME` varchar(100) default NULL,
  `BRANCH_ID` varchar(64) default NULL,
  `BRANCH_NAME` varchar(100) default NULL,
  `STUDENT_CARD_ID` varchar(100) default NULL,
  `STUDENT_NAME` varchar(100) default NULL,
  `PASSWORD` varchar(20) default NULL,
  `SEX` int(2) default NULL,
  `PHONE_NUM` varchar(20) default NULL,
  `QQ` varchar(20) default NULL,
  `CREATE_DATE` datetime default NULL,
  `EDIT_DATE` datetime default NULL,
  `STUDENT_STAT_CODE` varchar(20) default NULL,
  `STUDENT_STAT` varchar(100) default NULL,
  `EXCEPTION_BOOK_NUM` decimal(4,0) default '0',
  `LOCK_TIME` datetime default NULL,
  `LOCK_INFO` varchar(200) default NULL,
  `UNLOCK_TIME` datetime default NULL,
  `DELETE_DATE` datetime default NULL,
  `DELETE_INFO` varchar(200) default NULL,
  `LICENSE_TYPE_CODE` varchar(20) default NULL,
  `LICENSE_TYPE` varchar(100) default NULL,
  `SUBJECT_ID` varchar(64) default NULL,
  `SUBJECT_NAME` varchar(100) default NULL,
  `PROVINCE` varchar(100) default NULL,
  `CITY` varchar(100) default NULL,
  `ST_AREA` varchar(100) default NULL,
  `ST_ADDRESS` varchar(100) default NULL,
  `ST_WORK_ADDRESS` varchar(100) default NULL,
  `IS_BOOKED_NOTIC` int(2) default '1',
  `IS_PRE_IMPL_NOTIC` int(2) default '1',
  `PRE_IMPL_NOTIC_B_HOUR` int(4) default '4',
  `IS_IMPL_SCORE_NOTIC` int(2) default '1',
  `MAX_NUM_SIGN` int(4) default '2',
  `CAN_SIGN_COURSE_NUM` int(4) default NULL,
  `OVER_COURSE_NUM` int(4) default '0',
  `ADD_COURSE_NUM` int(4) default '0',
  `TOTAL_COURSE_NUM` int(4) default '6',
  `COMMON` varchar(1000) default NULL,
  PRIMARY KEY  (`STUDENT_ID`)
) ENGINE=InnoDB DEFAULT CHARSET=utf8;

-- ----------------------------
-- Records of tb_student_jx
-- ----------------------------
INSERT INTO `tb_student_jx` VALUES ('0bd22f1f-2aee-4e74-8ee0-144ffedd3822', '9f4d700e-54c4-4843-8ff0-3fcff6661682', '广州程通驾校', '27a7e11d-7329-410b-99f3-6333f24107a1', '市内分点', '18026408502', '陈丹', null, '0', '18026408502', null, '2015-04-20 16:35:45', '2015-04-20 16:35:58', 'ZC', '正常', '0', null, null, null, null, null, 'C1', 'C1', 'de9581d9-d016-470b-9126-ae297b673e57', '科目二', '广东省', '广州市', '天河区', null, null, '1', '1', '4', '1', '2', '0', '0', '0', '6', null);
INSERT INTO `tb_student_jx` VALUES ('4cea9a06-c3b4-449e-a2fb-e8921697c871', '9f4d700e-54c4-4843-8ff0-3fcff6661682', '广州程通驾校', '27a7e11d-7329-410b-99f3-6333f24107a1', '市内分点', '13316092652', '樊君霞', null, '0', '13316092652', null, '2015-04-20 16:35:42', '2015-04-20 16:35:53', 'ZC', '正常', '0', null, null, null, null, null, 'C1', 'C1', 'de9581d9-d016-470b-9126-ae297b673e57', '科目二', '广东省', '广州市', '天河区', null, null, '1', '1', '4', '1', '2', '0', '0', '0', '6', null);
INSERT INTO `tb_student_jx` VALUES ('b6fe5a9b-acc0-40af-a52d-10aff87e6ff5', '9f4d700e-54c4-4843-8ff0-3fcff6661682', '广州程通驾校', '27a7e11d-7329-410b-99f3-6333f24107a1', '市内分点', '13512726239', '肖长江', null, '1', '13512726239', null, '2015-04-20 16:35:49', '2015-04-20 16:36:02', 'ZC', '正常', '0', null, null, null, null, null, 'C1', 'C1', 'de9581d9-d016-470b-9126-ae297b673e57', '科目二', '广东省', '广州市', '天河区', null, null, '1', '1', '4', '1', '2', '6', '0', '0', '6', null);

-- ----------------------------
-- Table structure for `tb_subject`
-- ----------------------------
DROP TABLE IF EXISTS `tb_subject`;
CREATE TABLE `tb_subject` (
  `SUBJECT_ID` varchar(64) NOT NULL,
  `SUBJECT_NAME` varchar(100) default NULL,
  `SUBJECT_ASNAME` varchar(100) default NULL,
  `SUBJECT_CODE` varchar(20) default NULL,
  `SUBJECT_INFO` varchar(500) default NULL,
  `SUBJECT_GREATE` int(2) default NULL,
  `LICENSE_TYPE_CODE` varchar(20) default NULL,
  `LICENSE_TYPE` varchar(100) default NULL,
  `IS_ON` int(2) default '1',
  `IS_ONROAD` int(2) default '1',
  `IS_ON_THEORY` int(2) default '0',
  `CREATE_DATE` datetime default NULL,
  `DELETE_DATE` datetime default NULL,
  `COMMON` varchar(500) default NULL,
  PRIMARY KEY  (`SUBJECT_ID`)
) ENGINE=InnoDB DEFAULT CHARSET=utf8 COMMENT='科目一、科目二、科目三、科目四';

-- ----------------------------
-- Records of tb_subject
-- ----------------------------
INSERT INTO `tb_subject` VALUES ('351742ee-ebcc-40cc-b5fc-fb3a39131e14', '科目三', '机动车驾驶人考试中道路驾驶技能和安全文明驾驶常识考试科目', 'C1S3', '科目三道路驾驶技能和安全文明驾驶常识考试满分分别为100分，成绩分别达到90分的为合格。', '1', 'C1', 'C1', '1', '1', '0', '2015-04-16 10:18:58', null, null);
INSERT INTO `tb_subject` VALUES ('de9581d9-d016-470b-9126-ae297b673e57', '科目二', '场地驾驶技能考试科目', 'C1S2', '科目二考试一次，考试不合格的，可以补考一次。不参加补考或者补考仍不合格的，本次考试终止，申请人应当在十日后重新预约考试。在驾驶技能准考证明有效期内，科目二和科目三道路驾驶技能考试预约考试的次数不得超过五次。第五次预约考试仍不合格的，已考试合格的其他科目成绩作废。', '1', 'C1', 'C1', '1', '1', '0', '2015-04-16 10:15:10', null, null);

-- ----------------------------
-- Table structure for `tb_sys_data`
-- ----------------------------
DROP TABLE IF EXISTS `tb_sys_data`;
CREATE TABLE `tb_sys_data` (
  `DATA_ID` varchar(64) NOT NULL,
  `DATA_NAME` varchar(100) default NULL,
  `DATA_CODE` varchar(20) default NULL,
  `DATA_PID` varchar(64) default NULL,
  `DATA_XH` int(3) default NULL,
  `COMMON` varchar(200) default NULL,
  PRIMARY KEY  (`DATA_ID`)
) ENGINE=InnoDB DEFAULT CHARSET=utf8 COMMENT='用户角色：驾校学员、驾校教练、驾校管理员、网点管理员\r\n公众号类型：订阅号、服务号、企业号\r\n公众号';

-- ----------------------------
-- Records of tb_sys_data
-- ----------------------------
INSERT INTO `tb_sys_data` VALUES ('100000', '字典根', 'ROOT', null, '1', '字典根');
INSERT INTO `tb_sys_data` VALUES ('101000', '用户角色', 'ROLE_CODE', '100000', '1', '驾校学员、驾校教练、驾校管理员、网点管理员');
INSERT INTO `tb_sys_data` VALUES ('101001', '驾校学员', 'JXXY', '101000', '1', '驾校学员');
INSERT INTO `tb_sys_data` VALUES ('101002', '驾校教练', 'JXJL', '101000', '2', '驾校教练');
INSERT INTO `tb_sys_data` VALUES ('101003', '驾校管理员', 'JXGLY', '101000', '3', '驾校管理员');
INSERT INTO `tb_sys_data` VALUES ('101004', '网点管理员', 'WDGLY', '101000', '4', '网点管理员');
INSERT INTO `tb_sys_data` VALUES ('103000', '公众号类型', 'PUBLIC_TYPE_CODE', '100000', '2', '订阅号、服务号、企业号');
INSERT INTO `tb_sys_data` VALUES ('103001', '订阅号', 'DYH', '103000', '1', '订阅号');
INSERT INTO `tb_sys_data` VALUES ('103002', '服务号', 'FWH', '103000', '2', '服务号');
INSERT INTO `tb_sys_data` VALUES ('103003', '企业号', 'QYH', '103000', '3', '企业号');
INSERT INTO `tb_sys_data` VALUES ('104000', '公众号状态', 'PUBLIC_STAT_CODE', '100000', '3', '正常、异常、作废');
INSERT INTO `tb_sys_data` VALUES ('104001', '正常', 'ZC', '104000', '1', '正常');
INSERT INTO `tb_sys_data` VALUES ('104002', '异常', 'YC', '104000', '2', '异常');
INSERT INTO `tb_sys_data` VALUES ('104003', '作废', 'ZF', '104000', '3', '作废');
INSERT INTO `tb_sys_data` VALUES ('105000', '消息模板类型', 'TM_TYPE_CODE', '100000', '4', '通知模板、公告模板');
INSERT INTO `tb_sys_data` VALUES ('105001', '通知模板', 'TZMB', '105000', '1', '通知模板');
INSERT INTO `tb_sys_data` VALUES ('105002', '公告模板', 'GGMB', '105000', '2', '公告模板');
INSERT INTO `tb_sys_data` VALUES ('106000', '公众号消息发送状态', 'SEND_STAT_CODE', '100000', '5', '待发送、发送成功、发送失败、用户接收成功');
INSERT INTO `tb_sys_data` VALUES ('106001', '待发送', 'DFS', '106000', '1', '待发送');
INSERT INTO `tb_sys_data` VALUES ('106002', '发送成功', 'FSCG', '106000', '2', '发送成功');
INSERT INTO `tb_sys_data` VALUES ('106003', '发送失败', 'FSSB', '106000', '3', '发送失败');
INSERT INTO `tb_sys_data` VALUES ('106004', '发送成功接收', 'JSCG', '106000', '4', '发送成功接收');
INSERT INTO `tb_sys_data` VALUES ('107000', '学员状态', 'STUDENT_STAT_CODE', '100000', '6', '正常、异常、锁定、注销');
INSERT INTO `tb_sys_data` VALUES ('107001', '正常', 'ZC', '107000', '1', '正常');
INSERT INTO `tb_sys_data` VALUES ('107002', '异常', 'YC', '107000', '2', '异常');
INSERT INTO `tb_sys_data` VALUES ('107003', '锁定', 'SD', '107000', '3', '锁定');
INSERT INTO `tb_sys_data` VALUES ('107004', '注销', 'ZX', '107000', '4', '注销');
INSERT INTO `tb_sys_data` VALUES ('108000', '驾照类型', 'LICENSE_TYPE_CODE', '100000', '7', 'C1、B1');
INSERT INTO `tb_sys_data` VALUES ('108001', 'C1', 'C1', '108000', '1', 'C1');
INSERT INTO `tb_sys_data` VALUES ('108002', 'B1', 'B1', '108000', '2', 'B1');
INSERT INTO `tb_sys_data` VALUES ('109000', '记录操作类型', 'OPT_TYPE_CODE', '100000', '8', '记录日志、记录操作数据');
INSERT INTO `tb_sys_data` VALUES ('109001', '记录日志', 'JLRZ', '109000', '1', '记录日志');
INSERT INTO `tb_sys_data` VALUES ('109002', '记录操作数据', 'JZCZSJ', '109000', '2', '记录操作数据');
INSERT INTO `tb_sys_data` VALUES ('110000', '记录操作所属功能', 'OPT_MODUL_CODE', '100000', '9', '选择网点等');
INSERT INTO `tb_sys_data` VALUES ('110001', '选择网点', 'XZWD', '110000', '1', '选择网点');
INSERT INTO `tb_sys_data` VALUES ('111000', '驾校状态', 'JX_STAT_CODE', '100000', '10', '合法、非法、取缔');
INSERT INTO `tb_sys_data` VALUES ('111001', '合法', 'HF', '111000', '1', '合法');
INSERT INTO `tb_sys_data` VALUES ('111002', '非法', 'FF', '111000', '2', '非法');
INSERT INTO `tb_sys_data` VALUES ('111003', '取缔', 'QD', '111000', '3', '取缔');
INSERT INTO `tb_sys_data` VALUES ('112000', '网点状态', 'BRANCH_STAT_CODE', '100000', '11', '正常、停用、取消');
INSERT INTO `tb_sys_data` VALUES ('112001', '正常', 'ZC', '112000', '1', '正常');
INSERT INTO `tb_sys_data` VALUES ('112002', '停用', 'TY', '112000', '2', '停用');
INSERT INTO `tb_sys_data` VALUES ('112003', '取消', 'QX', '112000', '3', '取消');
INSERT INTO `tb_sys_data` VALUES ('113000', '教练职称', 'DUTE_LEVEL_CODE', '100000', '12', '一级、二级、三级、四级');
INSERT INTO `tb_sys_data` VALUES ('113001', '一级', 'YJ', '113000', '1', '一级');
INSERT INTO `tb_sys_data` VALUES ('113002', '二级', 'EJ', '113000', '2', '二级');
INSERT INTO `tb_sys_data` VALUES ('114000', '教练在职状态', 'DUTE_STAT_CODE', '100000', '13', '休假、值班');
INSERT INTO `tb_sys_data` VALUES ('114001', '休假', 'XJ', '114000', '1', '休假');
INSERT INTO `tb_sys_data` VALUES ('114002', '值班', 'ZB', '114000', '2', '值班');
INSERT INTO `tb_sys_data` VALUES ('115000', '教练课程状态', 'COURSE_STAT_CODE', '100000', '14', '排班中、报名中、开课准备中、开课中、课程结束');
INSERT INTO `tb_sys_data` VALUES ('115001', '排班中', 'PBZ', '115000', '1', '排班中');
INSERT INTO `tb_sys_data` VALUES ('115002', '报名中', 'BMZ', '115000', '2', '报名中');
INSERT INTO `tb_sys_data` VALUES ('115003', '开课准备中', 'KKZBZ', '115000', '3', '开课准备中');
INSERT INTO `tb_sys_data` VALUES ('115004', '开课中', 'KKZ', '115000', '4', '开课中');
INSERT INTO `tb_sys_data` VALUES ('115005', '课程结束', 'KCJS', '115000', '5', '课程结束');
INSERT INTO `tb_sys_data` VALUES ('116000', '课程所属时间段', 'COURSE_TIMEAREA_CODE', '100000', '15', '上午、下午、晚上');
INSERT INTO `tb_sys_data` VALUES ('116001', '上午', 'SW', '116000', '1', '上午');
INSERT INTO `tb_sys_data` VALUES ('116002', '下午', 'XW', '116000', '2', '下午');
INSERT INTO `tb_sys_data` VALUES ('117000', '学员履约状态', 'IMPL_COURSE_STAT', '100000', '16', '正常、迟到早退、爽约');
INSERT INTO `tb_sys_data` VALUES ('117001', '正常', 'ZC', '117000', '1', '正常');
INSERT INTO `tb_sys_data` VALUES ('117002', '迟到早退', 'CDZT', '117000', '2', '迟到早退');
INSERT INTO `tb_sys_data` VALUES ('117003', '爽约', 'SY', '117000', '3', '爽约');
INSERT INTO `tb_sys_data` VALUES ('118000', '学员课程状态', 'COURSE_STAT_CODE', '100000', '17', '待上课、未上课、已上课待评价、已评价');
INSERT INTO `tb_sys_data` VALUES ('118001', '待上课', 'DSK', '118000', '1', '待上课');
INSERT INTO `tb_sys_data` VALUES ('118002', '未上课', 'WSK', '118000', '2', '未上课');
INSERT INTO `tb_sys_data` VALUES ('118003', '已上课待评价', 'YSKDPJ', '118000', '3', '已上课待评价');
INSERT INTO `tb_sys_data` VALUES ('118004', '已评价', 'YPJ', '118000', '4', '已评价');
INSERT INTO `tb_sys_data` VALUES ('118005', '已取消', 'YQX', '118000', '5', '已取消');
INSERT INTO `tb_sys_data` VALUES ('119000', '准教车型', 'TEA_CAR_TYPE_CODE', '100000', '18', 'C1/C2、B1/B2、A1/A2\r\nC1/C2、B1/B2、A1/A2\r\nC1/C2、B1/B2、A1/A2\r\nC1/C2、B1/B2、A1/A2\r\n');
INSERT INTO `tb_sys_data` VALUES ('119001', 'C1/C2', 'C', '119000', '1', 'C1/C2');
INSERT INTO `tb_sys_data` VALUES ('119002', 'B1/B2', 'B', '119000', '2', 'B1/B2');
INSERT INTO `tb_sys_data` VALUES ('119003', 'A1/A2', 'A', '119000', '3', 'A1/A2');
INSERT INTO `tb_sys_data` VALUES ('120000', '训练车型', 'CAR_TYPE_CODE', '100000', '19', '捷达、传祺、别克凯越');
INSERT INTO `tb_sys_data` VALUES ('120001', '捷达', 'JD', '120000', '1', '捷达');
INSERT INTO `tb_sys_data` VALUES ('120002', '传祺', 'CQ', '120000', '2', '传祺');
INSERT INTO `tb_sys_data` VALUES ('120003', '别克凯越', 'BKKY', '120000', '3', '别克凯越');
INSERT INTO `tb_sys_data` VALUES ('121000', '教练审核状态', 'CHECK_STAT_CODE', '100000', '20', '待审核、审核通过、审核未通过');
INSERT INTO `tb_sys_data` VALUES ('121001', '待审核', 'DSH', '121000', '1', '待审核');
INSERT INTO `tb_sys_data` VALUES ('121002', '审核通过', 'SHTG', '121000', '2', '审核通过');
INSERT INTO `tb_sys_data` VALUES ('121003', '审核未通过', 'SHWTG', '121000', '3', '审核未通过');

-- ----------------------------
-- Table structure for `tb_teacher_jx`
-- ----------------------------
DROP TABLE IF EXISTS `tb_teacher_jx`;
CREATE TABLE `tb_teacher_jx` (
  `TEACHER_ID` varchar(64) NOT NULL,
  `BRANCH_ID` varchar(64) default NULL,
  `BRANCH_NAME` varchar(100) default NULL,
  `JX_ID` varchar(64) default NULL,
  `JX_NAME` varchar(100) default NULL,
  `SUBJECT_ID` varchar(64) default NULL,
  `SUBJECT_NAME` varchar(100) default NULL,
  `DUTE_DATE` datetime default NULL,
  `TEACHER_NAME` varchar(100) default NULL,
  `IS_ON_DUTE` int(2) default '1',
  `DUTE_STAT_CODE` varchar(20) default 'ZBZ',
  `DUTE_STAT` varchar(100) default '值班中',
  `NEAR_DUTE_DATE` datetime default NULL,
  `SCORE` int(8) default NULL,
  `IS_HOT` int(2) default '0',
  `SCORE_NUM` int(8) default '0',
  `CHECK_NUM` int(8) default '10',
  `LIKE_NUM` int(8) default '5',
  `STUDENT_NUM` int(8) default '60',
  `IS_ROAST_NOTIC` int(2) default '1',
  `IS_COURSE_NOTIC` int(2) default '1',
  `IS_FULL_TIME` int(2) default '1',
  `SEX` int(2) default '1',
  `DUTE_AGE` int(4) default NULL,
  `PROVINCE` varchar(100) default NULL,
  `CITY` varchar(100) default NULL,
  `TEACHER_AREA` varchar(100) default NULL,
  `CARD_ID` varchar(20) default NULL,
  `DUTE_LEVEL_CODE` varchar(20) default NULL,
  `DUTE_LEVEL` varchar(100) default NULL,
  `DUTE_LEVEL_PIC` varchar(100) default NULL,
  `DUTE_LEVEL_NO` varchar(32) default NULL,
  `TEA_NATIVE` varchar(100) default NULL,
  `TEA_ETHNIC` varchar(100) default NULL,
  `TEA_TEL` varchar(20) default NULL,
  `TEA_PHONE` varchar(20) default NULL,
  `TEA_QQ` varchar(20) default NULL,
  `TEA_ADDRESS` varchar(200) default NULL,
  `TEA_LOGO` varchar(100) default NULL,
  `BIRTH_DATE` varchar(20) default NULL,
  `CREATE_DATE` datetime default NULL,
  `EDIT_DATE` datetime default NULL,
  `CHECK_STAT_CODE` varchar(20) default 'DSH',
  `CHECK_STAT` varchar(100) default '待审核',
  `CAR_LICENSE_NO` varchar(64) default NULL,
  `CAR_LICENSE_AGE` int(4) default NULL,
  `DUTE_CARD_ID` varchar(64) default NULL,
  `PASSWORD` varchar(64) default NULL,
  `TEA_CAR_TYPE_CODE` varchar(20) default NULL,
  `TEA_CAR_TYPE` varchar(100) default NULL,
  `CAR_TYPE_CODE` varchar(20) default NULL,
  `CAR_TYPE` varchar(100) default NULL,
  `CAR_NO` varchar(20) default NULL,
  `PLACE_ADDRESS` varchar(200) default NULL,
  `FROM_ID` varchar(64) default NULL,
  `FROM_NAME` varchar(100) default NULL,
  `COMMON` varchar(500) default NULL,
  PRIMARY KEY  (`TEACHER_ID`)
) ENGINE=InnoDB DEFAULT CHARSET=utf8 COMMENT='驾校教练';

-- ----------------------------
-- Records of tb_teacher_jx
-- ----------------------------
INSERT INTO `tb_teacher_jx` VALUES ('003e98c0-4b35-4104-98c5-025c9c258e01', '27a7e11d-7329-410b-99f3-6333f24107a1', '市内分点', '9f4d700e-54c4-4843-8ff0-3fcff6661682', '广州程通驾校', 'de9581d9-d016-470b-9126-ae297b673e57', '科目二', '2015-04-22 15:19:49', '陈辉', '1', 'ZB', '值班', null, '68', '1', '43', '55', '23', '56', '1', '1', '1', '1', '38', '广东省', '广州市', null, '', null, null, null, null, null, null, null, null, null, '广州市海珠区新港东路', null, null, '2015-04-22 15:19:49', '2015-04-22 15:19:49', null, null, null, null, null, null, null, null, null, null, null, null, null, null, '');
INSERT INTO `tb_teacher_jx` VALUES ('171bde61-88db-4ed1-b5f9-8e568f6df3c4', '27a7e11d-7329-410b-99f3-6333f24107a1', '市内分点', '9f4d700e-54c4-4843-8ff0-3fcff6661682', '广州程通驾校', '351742ee-ebcc-40cc-b5fc-fb3a39131e14', '科目三', '2015-04-22 18:06:01', '叶伟强', '1', 'ZB', '值班', null, '68', '1', '43', '55', '23', '56', '1', '1', '1', '1', '38', '广东省', '广州市', null, '', null, null, null, null, null, null, null, null, null, '广州市海珠区新港东路', null, null, '2015-04-22 18:06:01', '2015-04-22 18:06:01', null, null, null, null, null, null, null, null, null, null, null, null, null, null, '');
INSERT INTO `tb_teacher_jx` VALUES ('3240fc5c-8113-4997-a310-d82c66a861fe', '27a7e11d-7329-410b-99f3-6333f24107a1', '市内分点', '9f4d700e-54c4-4843-8ff0-3fcff6661682', '广州程通驾校', 'de9581d9-d016-470b-9126-ae297b673e57', '科目二', '2015-04-22 13:52:19', '张三', '1', 'ZB', '值班', null, '43', '1', '46', '55', '23', '60', '1', '1', '1', '1', '38', '广东省', '广州市', '海珠区', null, null, null, null, null, null, null, null, null, null, null, 'http://pic1.58cdn.com.cn//www/uploadfile/n_s12705200539882385192_a6651ce5d24d756d.jpg', null, '2015-04-22 13:52:19', '2015-04-22 13:52:19', null, null, null, null, null, null, null, null, null, null, null, null, null, null, '');
INSERT INTO `tb_teacher_jx` VALUES ('4a99e726-f6d2-48ac-9ed8-3ce35f438662', '27a7e11d-7329-410b-99f3-6333f24107a1', '市内分点', '9f4d700e-54c4-4843-8ff0-3fcff6661682', '广州程通驾校', 'de9581d9-d016-470b-9126-ae297b673e57', '科目二', '2015-04-22 14:51:06', '陈曦', '1', 'ZB', '值班', null, '68', '1', '43', '55', '23', '56', '1', '1', '1', '1', '38', '广东省', '广州市', '海珠区', null, null, null, null, null, null, null, null, null, null, null, 'http://pic1.58cdn.com.cn//www/uploadfile/n_s12705200539882385192_a6651ce5d24d756d.jpg', null, '2015-04-22 14:51:06', '2015-04-22 14:51:06', null, null, null, null, null, null, null, null, null, null, null, null, null, null, '');
INSERT INTO `tb_teacher_jx` VALUES ('628210b6-c121-46c5-b845-fa6ec1526956', '27a7e11d-7329-410b-99f3-6333f24107a1', '市内分点', '9f4d700e-54c4-4843-8ff0-3fcff6661682', '广州程通驾校', '351742ee-ebcc-40cc-b5fc-fb3a39131e14', '科目三', '2015-04-22 18:07:04', '胡金宝', '1', 'ZB', '值班', null, '68', '1', '43', '55', '23', '56', '1', '1', '1', '1', '38', '广东省', '广州市', null, '', null, null, null, null, null, null, null, null, null, '广州市海珠区新港东路', null, null, '2015-04-22 18:07:04', '2015-04-22 18:07:04', null, null, null, null, null, null, null, null, null, null, null, null, null, null, '');
INSERT INTO `tb_teacher_jx` VALUES ('6fdea2dd-a28d-429d-934b-658b900e900e', '27a7e11d-7329-410b-99f3-6333f24107a1', '市内分点', '9f4d700e-54c4-4843-8ff0-3fcff6661682', '广州程通驾校', 'de9581d9-d016-470b-9126-ae297b673e57', '科目二', '2014-01-10 15:43:20', '李步喜', '1', 'ZB', '值班', null, '78', '1', '34', '10', '5', '60', '1', '1', '1', '1', '43', '广东省', '广州市', '海珠区', null, null, null, null, null, null, null, null, null, null, null, 'http://pic1.58cdn.com.cn//www/uploadfile/n_s12705200539882385192_a6651ce5d24d756d.jpg', null, '2015-04-20 15:49:14', '2015-04-20 15:49:19', null, null, null, null, null, null, null, null, null, null, null, null, null, null, null);
INSERT INTO `tb_teacher_jx` VALUES ('86b664d0-97ba-4e8e-9c67-910532ab9cc4', '1e4904cb-4a40-4852-8127-5ae328b997b0', '海珠区', '9f4d700e-54c4-4843-8ff0-3fcff6661682', '广州程通驾校', 'de9581d9-d016-470b-9126-ae297b673e57', '科目二', '2015-04-22 13:51:54', '李四', '1', 'ZB', '值班', null, '23', '1', '15', '55', '23', '60', '1', '1', '1', '1', '38', '广东省', '广州市', '海珠区', null, null, null, null, null, null, null, null, null, null, null, 'http://pic1.58cdn.com.cn//www/uploadfile/n_s12705200539882385192_a6651ce5d24d756d.jpg', null, '2015-04-22 13:51:54', '2015-04-22 13:51:54', null, null, null, null, null, null, null, null, null, null, null, null, null, null, '');
INSERT INTO `tb_teacher_jx` VALUES ('918a9e6a-a516-4c85-be1f-7bcf9ba96518', '27a7e11d-7329-410b-99f3-6333f24107a1', '市内分点', '9f4d700e-54c4-4843-8ff0-3fcff6661682', '广州程通驾校', '351742ee-ebcc-40cc-b5fc-fb3a39131e14', '科目三', '2015-04-22 18:05:25', '叶伟信', '1', 'ZB', '值班', null, '68', '1', '43', '55', '23', '56', '1', '1', '1', '1', '38', '广东省', '广州市', null, '', null, null, null, null, null, null, null, null, null, '广州市海珠区新港东路', null, null, '2015-04-22 18:05:25', '2015-04-22 18:05:25', null, null, null, null, null, null, null, null, null, null, null, null, null, null, '');
INSERT INTO `tb_teacher_jx` VALUES ('bcece4af-0e95-400f-9125-ce68f24150c2', '27a7e11d-7329-410b-99f3-6333f24107a1', '市内分点', '9f4d700e-54c4-4843-8ff0-3fcff6661682', '广州程通驾校', 'de9581d9-d016-470b-9126-ae297b673e57', '科目二', '2015-05-15 00:00:00', 'test2', '1', 'ZB', '值班', null, null, '0', '0', '10', '5', '60', '1', '1', '1', '1', '10', null, null, null, '43909993388838338', null, null, null, '122', null, null, null, '18026408502', null, '222', 'file\\img\\710245719.png', null, '2015-05-15 16:21:26', '2015-05-15 16:21:26', 'SHTG', '审核通过', '1123', '12', null, '56d5e0e514077e11ed1c530f204184ac4efc9427', '119001', 'C1/C2', '120001', '捷达', '333', '广州市海珠区新港东路', null, null, null);
INSERT INTO `tb_teacher_jx` VALUES ('dadfa69a-daf6-4db7-be4b-c615de7f87cd', '27a7e11d-7329-410b-99f3-6333f24107a1', '市内分点', '9f4d700e-54c4-4843-8ff0-3fcff6661682', '广州程通驾校', '351742ee-ebcc-40cc-b5fc-fb3a39131e14', '科目三', '2015-04-22 18:06:38', '刘卫群', '1', 'ZB', '值班', null, '68', '1', '43', '55', '23', '56', '1', '1', '1', '1', '38', '广东省', '广州市', null, '', null, null, null, null, null, null, null, null, null, '广州市海珠区新港东路', null, null, '2015-04-22 18:06:38', '2015-04-22 18:06:38', null, null, null, null, null, null, null, null, null, null, null, null, null, null, '');

-- ----------------------------
-- Table structure for `tb_wxinfo_tm`
-- ----------------------------
DROP TABLE IF EXISTS `tb_wxinfo_tm`;
CREATE TABLE `tb_wxinfo_tm` (
  `TM_ID` varchar(64) NOT NULL,
  `TM_NAME` varchar(100) default NULL,
  `TM_CODE` varchar(20) default NULL,
  `TM_INFO` varchar(200) default NULL,
  `JX_PUBLIC_ID` varchar(64) default NULL,
  `PUBLIC_ID` varchar(64) default NULL,
  `INDUSTRY_ONE` varchar(10) default NULL,
  `INDUSTRY_TWO` varchar(10) default NULL,
  `TM_TYPE_CODE` varchar(20) default NULL,
  `TM_TYPE` varchar(100) default NULL,
  `WXTM_ID` varchar(64) default NULL,
  `PUBLIC_TM_ID` varchar(100) default NULL,
  `TM_DATA` varchar(500) default NULL,
  `CREATE_DATE` datetime default NULL,
  `EDIT_DATE` datetime default NULL,
  `COMMON` varchar(200) default NULL,
  PRIMARY KEY  (`TM_ID`)
) ENGINE=InnoDB DEFAULT CHARSET=utf8;

-- ----------------------------
-- Records of tb_wxinfo_tm
-- ----------------------------

-- ----------------------------
-- Table structure for `tb_wxpublic_jx`
-- ----------------------------
DROP TABLE IF EXISTS `tb_wxpublic_jx`;
CREATE TABLE `tb_wxpublic_jx` (
  `JX_PUBLIC_ID` varchar(64) NOT NULL,
  `JX_ID` varchar(64) default NULL,
  `REG_EMAIL` varchar(100) default NULL,
  `PUBLIC_ID` varchar(64) default NULL,
  `PUBLIC_NAME` varchar(100) default NULL,
  `PUBLIC_TYPE_CODE` varchar(20) default NULL,
  `PUBLIC_TYPE` varchar(100) default NULL,
  `PUBLIC_SECRET` varchar(64) default NULL,
  `PUBLIC_STAT_CODE` varchar(20) default NULL,
  `PUBLIC_STAT` varchar(100) default NULL,
  `PUBLIC_INFO` varchar(1000) default NULL,
  `CREATE_DATE` datetime default NULL,
  `ONLINE_DATE` datetime default NULL,
  `DOWN_DATE` datetime default NULL,
  `DOWN_INFO` datetime default NULL,
  `QR_SCENE_STR` varchar(20) default NULL,
  `QR_TICKET` varchar(200) default NULL,
  `QR_INFO_URL` varchar(100) default NULL,
  `QR_URL` varchar(100) default NULL,
  `COMMON` varchar(1000) default NULL,
  PRIMARY KEY  (`JX_PUBLIC_ID`)
) ENGINE=InnoDB DEFAULT CHARSET=utf8;

-- ----------------------------
-- Records of tb_wxpublic_jx
-- ----------------------------

-- ----------------------------
-- Table structure for `tb_wx_group`
-- ----------------------------
DROP TABLE IF EXISTS `tb_wx_group`;
CREATE TABLE `tb_wx_group` (
  `WXGROUP_ID` varchar(64) NOT NULL,
  `JX_PUBLIC_ID` varchar(64) default NULL,
  `PUBLIC_ID` varchar(64) default NULL,
  `PUBLIC_NAME` varchar(100) default NULL,
  `GROUP_ID` varchar(64) default NULL,
  `GROUP_NAME` varchar(200) default NULL,
  `MEMBER_NUM` int(4) default NULL,
  `CREATE_DATE` datetime default NULL,
  `EDIT_DATE` datetime default NULL,
  `SYN_DATE` datetime default NULL,
  `REMOVE_DATE` datetime default NULL,
  `COMMON` varchar(1000) default NULL,
  PRIMARY KEY  (`WXGROUP_ID`)
) ENGINE=InnoDB DEFAULT CHARSET=utf8;

-- ----------------------------
-- Records of tb_wx_group
-- ----------------------------

-- ----------------------------
-- Table structure for `tb_wx_user`
-- ----------------------------
DROP TABLE IF EXISTS `tb_wx_user`;
CREATE TABLE `tb_wx_user` (
  `USER_ID` varchar(64) NOT NULL,
  `IS_BINDED` int(2) default '0',
  `STUDENT_ID` varchar(64) default NULL,
  `JX_ID` varchar(64) default NULL,
  `TEACHER_ID` varchar(64) default NULL,
  `BRANCH_ID` varchar(64) default NULL,
  `ROLE_CODE` varchar(20) default 'JXXY',
  `ROLE_NAME` varchar(100) default '驾校学员',
  `IS_ONLINE` int(2) default '0',
  `WXGROUP_ID` varchar(64) default NULL,
  `JX_PUBLIC_ID` varchar(64) default NULL,
  `JX_PUBLIC_NAME` varchar(100) default NULL,
  `GROUP_ID` varchar(64) default NULL,
  `GROUP_NAME` varchar(200) default NULL,
  `OPEN_ID` varchar(64) default NULL,
  `OPEN_ZH` varchar(64) default NULL,
  `IS_CONTACT` int(2) default '0',
  `USER_NAME` varchar(100) default NULL,
  `SEX` int(2) default NULL,
  `SITY` varchar(100) default NULL,
  `COUNTRY` varchar(100) default NULL,
  `PROVINCE` varchar(100) default NULL,
  `USER_LOGO` varchar(100) default NULL,
  `CONTACT_DATE` datetime default NULL,
  `UNCONTACT_DATE` datetime default NULL,
  `UNION_ID` varchar(64) default NULL,
  PRIMARY KEY  (`USER_ID`)
) ENGINE=InnoDB DEFAULT CHARSET=utf8;

-- ----------------------------
-- Records of tb_wx_user
-- ----------------------------
INSERT INTO `tb_wx_user` VALUES ('1252ee9f-8b37-4af5-9b7b-00e931d09b14', '1', '0bd22f1f-2aee-4e74-8ee0-144ffedd3822', null, null, null, 'JXXY', '驾校学员', '0', null, null, null, null, null, '3232', null, '0', null, null, null, null, null, null, null, null, null);
INSERT INTO `tb_wx_user` VALUES ('2a1fb724-e2c2-4f32-ba79-f6385601847a', '1', '4cea9a06-c3b4-449e-a2fb-e8921697c871', null, null, null, 'JXXY', '驾校学员', '0', null, null, null, null, null, 'oPIfIs1iCLb7d-Q8Nh4LztFlBhAI', null, '0', null, null, null, null, null, null, null, null, null);
INSERT INTO `tb_wx_user` VALUES ('3431eb3d-6428-4a89-94e8-2b5e98479492', '1', '0bd22f1f-2aee-4e74-8ee0-144ffedd3822', null, null, null, 'JXXY', '驾校学员', '0', null, null, null, null, null, 'oPIfIs8uvDOy35-otltoy6GGApYI', null, '0', null, null, null, null, null, null, null, null, null);
INSERT INTO `tb_wx_user` VALUES ('3ff3d7cc-5f79-40e9-a62b-da40dd3fd6f3', '1', '0bd22f1f-2aee-4e74-8ee0-144ffedd3822', null, null, null, 'JXXY', '驾校学员', '0', null, null, null, null, null, 'oPIfIs8uvDOy35-otltoy6GGApYI1', null, '0', null, null, null, null, null, null, null, null, null);
INSERT INTO `tb_wx_user` VALUES ('622afeb2-dc2f-466f-be2a-29134e00b0b0', '1', null, null, '74b10872-de55-4122-aa51-e812ac68f49b', null, 'JXJL', '驾校教练', '0', null, null, null, null, null, '1112', null, '0', null, null, null, null, null, null, '2015-05-15 15:56:33', null, null);
INSERT INTO `tb_wx_user` VALUES ('79d5c825-8098-4d45-a5ce-a5973c3f2e37', '1', '4cea9a06-c3b4-449e-a2fb-e8921697c871', null, null, null, 'JXXY', '驾校学员', '0', null, null, null, null, null, 'oPIfIs_f0BBZJrvQBScbgXpI-8Wg', null, '0', null, null, null, null, null, null, null, null, null);
INSERT INTO `tb_wx_user` VALUES ('91347871-8b83-43af-abea-3e5db8e015e2', '1', '4cea9a06-c3b4-449e-a2fb-e8921697c871', null, null, null, 'JXXY', '驾校学员', '0', null, null, null, null, null, 'oPIfIs_Um2uEol6M0aIMRp1MAOSY', null, '0', null, null, null, null, null, null, null, null, null);
INSERT INTO `tb_wx_user` VALUES ('aeeef9c1-eafc-4c75-8f50-8fe5812a869c', '1', null, null, 'bcece4af-0e95-400f-9125-ce68f24150c2', null, 'JXJL', '驾校教练', '0', null, null, null, null, null, '8888888888', null, '0', null, null, null, null, null, null, '2015-05-15 16:21:26', null, null);
INSERT INTO `tb_wx_user` VALUES ('b3a4ecf8-3228-497a-9d26-deb8e7a5cf28', '1', '4cea9a06-c3b4-449e-a2fb-e8921697c871', null, null, null, 'JXXY', '驾校学员', '0', null, null, null, null, null, 'oPIfIs7hb5OKZ2P1heup2yVrSTCA', null, '0', null, null, null, null, null, null, null, null, null);
INSERT INTO `tb_wx_user` VALUES ('c59a0547-fcb0-42d1-bda6-350a54d7fcd4', '1', '0bd22f1f-2aee-4e74-8ee0-144ffedd3822', null, null, null, 'JXXY', '驾校学员', '0', null, null, null, null, null, 'oPIfIs8uvDOy35-otltoy6GGApYI11', null, '0', null, null, null, null, null, null, null, null, null);
INSERT INTO `tb_wx_user` VALUES ('d2060938-2a14-4708-8172-e754d8930e96', '1', 'b6fe5a9b-acc0-40af-a52d-10aff87e6ff5', null, null, null, 'JXXY', '驾校学员', '0', null, null, null, null, null, 'oPIfIszVAT929K7dUvvRN9p05BoI', null, '0', null, null, null, null, null, null, null, null, null);
INSERT INTO `tb_wx_user` VALUES ('d683150b-9284-439d-8c29-1c6c79df4d05', '1', '0bd22f1f-2aee-4e74-8ee0-144ffedd3822', null, null, null, 'JXXY', '驾校学员', '0', null, null, null, null, null, '112', null, '0', null, null, null, null, null, null, null, null, null);
INSERT INTO `tb_wx_user` VALUES ('ee16fcef-1d9b-449f-ab98-042c73e8ae76', '1', '4cea9a06-c3b4-449e-a2fb-e8921697c871', null, null, null, 'JXXY', '驾校学员', '0', null, null, null, null, null, 'oPIfIs9liOlvywmf_Rrst_uVsubg', null, '0', null, null, null, null, null, null, null, null, null);
